src,trg
1785,358
1785,1771
1771,350
351,350
2474,2297
2509,400
2509,2498
2498,2063
2370,2063
2370,2332
2501,2332
2118,388
2118,2100
2122,2100
2122,2098
2383,2211
2442,140
2441,2191
2441,390
408,377
1793,377
1799,1793
1799,352
2285,352
2285,2276
2276,1839
1839,1836
1836,353
1833,353
1838,353
2277,1838
2277,354
1791,354
2026,1791
2026,371
1781,409
1781,355
356,355
357,356
358,357
2286,359
2287,359
2287,360
1817,360
1819,1817
1789,0
2481,1789
2487,135
2487,2224
2226,2224
2226,2061
2229,1841
2229,361
2221,361
1843,108
1843,1809
2231,1809
2231,1842
1842,362
1811,362
2219,1811
2219,363
2270,2268
2270,2266
2266,364
365,1
366,365
2031,1803
2042,2031
369,2
2037,369
2037,367
368,367
2036,368
2036,369
2041,370
371,370
411,372
2032,373
1800,373
1804,1800
2515,1804
2515,374
1806,374
1806,375
2049,375
2288,2049
2484,2288
2484,2054
2057,2054
2034,373
2293,376
409,377
2041,367
412,378
2417,378
2418,379
413,380
2312,410
2312,2181
2181,381
2463,381
2465,2460
2395,382
2183,382
2399,2183
2400,2399
2325,135
2327,2325
2327,383
2472,383
2472,2314
2195,2077
2078,2077
2078,2076
2076,384
385,384
2075,385
2075,386
2453,386
2453,2176
2176,387
388,387
2096,388
2437,2096
2437,2073
2073,389
2074,389
2185,2074
2185,390
391,390
2192,391
2384,2192
2384,392
2211,392
2211,2210
2315,2210
2502,393
2318,393
2318,2079
2334,2079
2496,2334
2496,2333
2335,2333
2339,2335
2339,394
2378,394
2378,2068
2068,2067
2067,395
396,395
2066,396
2470,2066
2470,397
2448,397
2448,398
2446,398
2297,399
2156,399
2474,2080
2080,400
2501,2475
2476,2475
2477,2476
2477,401
2203,401
2203,402
2385,2314
2416,147
2098,403
1747,404
2584,404
4278,2584
4278,420
1900,405
1900,452
452,406
3146,406
4300,3146
2323,1808
2502,2286
2297,351
408,407
409,371
2221,410
2292,366
2292,1803
2418,108
412,379
2417,1851
2416,1851
2416,413
2463,2460
2931,2526
2531,2526
2532,448
2531,2529
2531,2520
2525,2520
2525,421
2517,421
2517,884
884,414
415,414
3069,415
3069,2931
3071,2931
3072,521
2533,416
2623,417
2536,417
521,418
523,434
2521,434
3114,419
2905,1902
4303,420
4303,450
3144,461
3139,451
4312,1901
4315,2942
3154,419
4300,453
2521,421
2559,2523
2557,2524
2557,431
431,422
2541,422
2565,423
424,423
425,424
426,423
427,423
1891,427
1891,526
2555,1891
2555,438
438,428
449,428
449,432
432,428
449,429
430,429
524,430
433,430
433,431
436,433
436,432
433,432
2541,445
2541,2540
2540,2524
2524,523
2518,884
2518,435
435,434
435,3
2559,436
2559,437
2560,437
2560,440
440,438
2564,444
2550,444
2616,2550
2616,439
2552,439
1891,439
447,437
2561,440
2564,2561
2564,2562
2562,441
2546,441
2546,442
443,442
444,443
2544,2542
2565,429
445,418
2561,2542
2546,2542
2544,446
447,446
2531,448
3072,2533
2623,416
449,427
2571,525
2575,2571
2575,2572
2574,2572
4300,450
1902,455
3164,453
4321,451
4313,4312
454,452
454,453
4315,454
4321,456
3164,458
459,455
1901,457
3166,457
4313,456
3149,457
4319,458
3149,460
463,459
463,460
4319,3165
4316,2942
3803,3156
462,461
4332,3737
464,462
3803,2911
4330,463
3481,464
4316,465
3734,464
466,465
546,467
4070,466
4483,467
4483,473
4325,3168
4345,3168
4070,469
509,469
4330,471
4345,468
473,469
479,468
3737,470
541,479
3804,546
474,471
1317,474
474,472
509,473
541,474
546,475
546,543
477,476
477,475
548,476
508,479
550,509
543,542
2575,480
530,480
530,481
1889,480
1889,1887
1887,498
1888,1869
1870,1869
1870,481
498,482
483,482
484,483
1863,484
1863,485
1865,485
1865,486
1876,486
1864,486
1876,1874
1874,929
3021,929
1874,1873
1882,532
1883,1882
1883,507
1885,487
488,487
489,488
490,489
507,4
1880,527
1880,493
493,491
1871,491
1871,1865
2534,5
2536,424
1881,491
1879,492
493,492
495,494
494,426
495,426
496,494
2569,496
2569,497
1886,497
1886,498
1867,482
1867,1864
1885,512
2574,439
528,507
3075,2607
2607,499
500,499
522,500
1892,860
1892,500
2603,501
3075,501
1894,501
2606,1894
3239,2606
1158,502
2989,520
520,503
2607,2601
2601,2599
2615,2599
2615,2591
2591,504
505,504
2595,505
2595,513
2596,513
2596,506
507,506
515,506
2608,515
4042,509
4076,4042
4076,762
4479,3686
3796,510
4051,6
2608,511
3087,511
3087,512
2601,2600
2600,2598
2598,513
2597,513
529,514
2609,514
2610,2609
2610,515
2692,2608
517,502
529,517
517,516
2604,518
519,518
520,519
521,448
522,416
2623,522
523,418
2559,2524
2541,524
2565,524
1881,425
1879,425
1891,525
526,440
2561,447
1885,528
2591,527
2591,2534
528,515
2597,529
885,530
1873,531
532,531
3075,864
2654,2629
2654,2630
2657,2630
2659,2657
2659,2643
2661,2643
2662,2661
2930,2662
2930,2637
2637,2634
2634,2632
2930,888
2931,888
2634,888
2629,889
885,7
3086,2670
2670,2668
2671,2668
2671,533
890,533
534,533
535,534
2674,534
2674,536
890,536
2667,890
2667,2665
890,537
2676,537
2675,536
2675,538
2673,538
2679,539
2681,539
2681,540
3775,540
4002,541
4002,544
545,542
761,550
4482,543
551,544
4525,545
4522,546
3686,547
4482,758
4522,4136
4523,548
4526,4525
4526,549
4105,547
4105,552
763,550
757,551
4136,3805
764,552
555,554
2712,555
2712,2705
557,556
558,557
560,558
2711,560
2711,2708
2712,2708
559,554
560,559
562,556
892,564
892,563
564,563
2707,563
2785,2707
2786,562
2786,565
2692,566
2693,566
2693,577
577,567
568,567
2697,569
571,568
579,571
870,579
871,870
871,572
2698,572
2695,575
575,573
574,573
2696,574
2694,894
894,576
577,576
2691,887
578,567
2701,870
2701,580
582,555
583,582
584,583
585,582
587,19
588,587
589,588
701,589
590,589
1011,591
701,591
592,591
1006,592
2717,592
2717,594
594,593
689,593
689,594
1006,19
595,587
1010,595
1010,1009
622,596
622,597
637,597
637,598
599,598
600,599
1018,600
1018,602
602,601
602,597
1017,601
1017,603
1013,603
1024,1013
1024,604
605,604
1023,897
1033,898
898,606
607,606
1033,607
608,606
1020,636
1020,609
1022,609
897,609
1036,636
1040,636
1040,1039
1039,1021
610,590
621,610
621,611
1003,611
1003,612
642,612
643,613
641,613
2720,641
2720,614
615,614
618,615
618,616
619,618
903,614
903,616
617,615
618,617
619,617
620,610
621,620
622,620
2721,1013
2721,623
624,623
625,624
1032,625
1032,1026
1031,1026
1031,629
629,626
1025,626
1025,627
628,627
629,604
631,626
631,630
3095,631
632,625
1030,632
3095,1030
633,598
634,633
635,634
636,635
1012,637
1012,638
702,638
702,639
1036,639
2722,633
2722,639
702,640
641,640
1005,642
643,163
2702,644
693,644
2738,693
2738,2723
2723,645
646,645
692,646
692,686
686,647
668,647
2774,668
3097,2774
2775,648
649,648
2754,649
2780,2754
2780,2752
2757,2752
2757,650
656,650
2759,656
2735,651
652,651
2732,652
2732,2731
2781,2731
2734,652
2734,653
654,653
2783,654
2783,2739
2739,684
2740,684
2740,655
667,655
2750,667
2750,682
2756,682
2756,901
2778,901
901,656
681,650
2765,681
2765,657
680,657
680,678
2770,678
2770,666
666,663
663,662
662,661
661,658
659,658
660,659
661,660
662,660
673,658
2777,673
2777,675
2771,675
2771,663
2759,664
665,664
2760,664
2761,2760
2762,2761
2763,2762
2763,666
686,667
686,668
669,648
2776,669
670,669
698,670
698,671
673,671
672,671
673,672
2777,672
674,672
677,674
2769,677
2769,675
676,670
677,676
678,677
2767,676
2767,679
680,679
2755,679
2755,681
2749,682
2779,2741
2779,691
2742,691
2778,2742
2749,691
2744,2739
2745,2744
2745,690
905,690
905,683
684,683
2741,683
2733,891
2737,2733
2737,688
688,685
686,685
687,686
2781,687
2781,688
896,893
2747,689
2747,893
2748,2745
1005,690
691,613
692,685
3089,693
3089,694
3090,694
906,891
2728,700
1644,700
700,695
698,695
700,696
2725,696
2725,698
3097,697
698,697
699,696
700,699
3097,699
2776,697
701,8
702,612
2785,896
899,728
900,728
900,703
704,703
907,755
902,755
902,705
741,705
741,727
2886,727
2886,706
2833,706
2833,707
708,707
2836,708
2835,708
2866,2835
2836,709
710,709
2866,710
711,710
2842,711
2844,2842
2845,2844
2845,732
2864,732
3102,2864
3108,3102
3099,2796
2796,712
713,712
2793,713
2793,2791
2791,714
715,714
2818,909
2818,2797
2797,716
3100,718
719,718
719,716
2813,719
2814,2813
2814,720
721,720
2802,721
2804,2802
2804,722
2825,723
2826,723
2822,908
2822,724
2820,724
2820,725
726,704
902,726
727,705
2848,899
2848,728
2858,729
735,729
2861,729
2861,730
2862,730
2862,731
2873,2864
732,730
733,732
2846,733
734,733
2874,2846
2874,2841
3110,2885
2885,737
2877,737
914,735
2841,734
737,736
738,183
739,183
740,739
2856,741
2888,742
752,742
752,743
745,744
913,745
913,746
2895,746
2895,748
2897,748
2897,747
748,747
749,747
912,751
2900,751
752,751
753,744
754,753
2899,754
2899,753
2828,754
755,619
4051,756
4524,4523
768,757
759,510
4170,758
4170,1991
4050,759
4050,769
4057,472
760,472
4524,756
4073,761
4073,773
762,549
4085,549
4085,763
766,764
766,765
4156,4085
4156,776
771,766
777,771
4045,768
4045,767
4127,768
4063,3805
4127,4063
770,769
772,770
4135,771
4057,1963
4116,1972
4067,772
4067,780
779,9
774,767
779,773
4168,4063
4168,4154
4138,774
4138,775
4133,776
4133,785
4180,777
4116,1976
1972,778
4169,781
4175,779
1976,778
784,778
787,780
4180,782
790,781
790,786
1385,775
4123,782
4183,1385
4182,783
784,10
785,122
1991,786
789,787
789,788
789,322
4123,322
4155,790
4183,792
4175,791
793,791
4192,793
4188,792
4192,1292
793,788
4189,4188
4209,4189
4202,325
4184,325
4210,4184
799,11
795,794
4213,795
796,794
4240,794
4213,12
4205,796
4205,797
4218,798
4220,799
4221,4220
817,797
4240,4215
915,910
911,800
801,13
804,801
804,803
815,803
815,802
808,802
803,802
805,801
806,805
807,804
810,807
810,808
809,808
810,809
811,809
916,811
916,827
827,812
813,812
814,14
815,814
816,811
4243,819
4243,817
4222,4215
4222,818
4221,820
819,798
4238,820
822,821
4228,821
822,15
823,818
824,823
4248,825
826,824
827,816
828,812
1912,1911
1909,1908
916,911
1637,1428
1428,833
834,829
1913,834
918,830
1428,831
1395,832
918,832
833,832
1918,925
1917,925
1917,834
1916,834
1428,830
921,838
1923,838
1923,1922
1922,1919
1919,835
838,836
922,836
921,837
838,837
923,839
923,846
846,840
844,840
1926,844
1926,841
919,842
846,843
844,842
845,840
846,845
1924,845
1924,847
2929,848
849,848
850,849
851,848
880,851
3122,848
2928,852
2929,2928
2950,2949
2949,2948
2995,2948
2995,2964
2996,858
2996,2995
2995,856
3119,2992
3009,3008
3008,853
3120,843
3120,2992
3118,924
924,854
2980,854
2981,855
2981,847
856,855
920,857
858,857
879,857
2960,16
2960,2958
2958,863
863,862
2999,862
2999,2974
3074,2974
3074,859
864,860
2977,883
2977,860
3124,16
3124,2955
2955,2947
2961,2947
2966,2961
2966,861
2969,861
3010,2969
2970,181
2972,2970
3000,862
3000,2972
863,861
3000,2971
3074,2971
3074,864
3074,2975
3125,2975
3125,866
866,865
882,865
2958,866
2959,851
2959,2958
883,882
880,866
2994,2982
2994,856
3088,3023
3088,3051
3051,869
3054,869
3054,3018
3018,867
3061,867
3017,867
3066,926
3066,3064
3064,3061
895,868
877,868
877,869
878,869
3050,878
3036,927
3036,875
870,176
928,176
3014,3013
3013,871
895,872
873,872
3086,926
3025,886
3027,3025
3073,874
886,874
875,874
3021,876
3019,876
3051,877
3048,3044
3053,3044
3053,878
879,16
2930,880
1909,881
2931,2632
2931,882
2532,883
2529,883
2632,415
3071,883
3070,884
885,481
3073,490
886,490
2603,859
3010,2989
887,511
3087,3024
2604,181
3007,520
3122,888
889,852
2703,586
2703,890
2705,891
892,562
893,564
2735,565
2696,894
3023,2691
895,578
895,579
906,584
2702,2676
2785,2715
2748,593
897,605
1023,898
904,607
899,608
900,608
901,616
902,616
2778,903
3096,627
904,628
3097,2775
2856,901
905,163
3090,906
907,703
907,704
3102,3099
3108,1912
909,734
908,722
2873,909
2828,2826
910,630
3110,912
2900,2877
914,911
912,738
2902,913
915,914
915,814
1908,916
1913,917
1395,918
919,917
1916,920
1428,921
921,831
922,835
3118,841
923,842
2992,843
2980,1924
924,920
925,920
2950,850
3120,2982
3119,3009
2964,2961
3017,926
3050,927
3014,928
928,873
3027,929
955,930
3134,3133
4297,931
4296,3158
3170,188
3172,3170
3172,932
3191,932
3191,1055
1055,953
953,933
3175,950
956,934
935,934
3181,936
951,936
3180,936
3180,937
1048,938
3195,1052
1274,945
945,939
940,939
960,940
1042,939
941,935
963,942
3182,943
3188,943
946,944
945,944
946,942
3196,958
958,947
3176,1051
950,949
3198,949
952,951
953,952
4297,954
2446,955
3158,403
957,934
3198,3133
1051,958
965,17
3200,959
3215,960
3202,962
3209,963
3211,3209
3204,3201
968,964
3213,18
965,959
966,962
3206,966
967,962
3207,967
3207,969
969,968
3209,968
969,964
3210,970
3212,964
982,976
976,971
2355,973
2348,980
981,980
2346,981
2346,974
982,961
975,961
982,975
3208,18
3208,2347
2347,2345
977,973
978,973
2355,2352
2354,2351
2354,979
2351,2349
2349,980
2345,981
2361,2360
2360,987
988,987
2356,988
3211,984
2364,983
2357,989
3212,984
985,984
986,983
987,986
2364,985
2356,990
991,990
993,992
995,994
997,996
998,996
999,998
1000,999
1079,999
1084,1001
1002,31
2719,1003
2719,1004
1005,1004
2718,1004
2716,1006
1007,19
1008,595
1009,20
1010,588
1011,589
1012,611
1013,596
1014,603
1016,1014
1016,1015
1019,1015
1019,1016
1017,1015
1018,601
1019,600
1034,599
1035,1034
1035,1020
1021,1020
1022,1021
1023,1022
1024,1014
1025,605
1027,623
1027,1026
1027,624
1028,632
1029,1028
1030,1029
1031,1029
1032,1028
1033,628
1034,633
1035,634
1036,635
1037,640
1038,1037
1039,1038
1040,1037
3187,1042
1042,1041
3186,1042
3171,1043
3171,1044
1046,956
1053,1047
1048,1047
1050,1049
1052,1050
1053,22
3193,952
3193,1054
1055,1054
3431,1056
3427,1056
3441,1056
3435,1056
3436,3433
1057,23
4217,3225
1058,24
1059,25
1284,1060
1279,1061
1062,26
1299,1064
1302,1064
1063,1062
1064,1063
1284,1063
1071,27
1071,1065
1308,28
1309,1067
1310,1067
1068,1066
1068,1067
1068,28
1332,28
1340,1309
1336,1069
1070,29
1324,1323
1071,30
1750,1073
1330,1072
1330,1071
1323,1074
1074,1073
1329,1074
1075,1074
3449,1335
3449,1069
1078,1002
1076,31
1077,1076
1078,1076
1079,1078
1082,1081
2368,1081
1087,1086
1088,33
3390,1088
3390,1254
3390,1089
1091,34
1120,1106
1120,1109
1109,1092
1120,1100
1121,1100
1117,1098
1117,1116
1116,1097
1115,1097
3374,1093
1096,1093
1096,1094
1095,1094
1096,1095
1118,1094
1118,1097
1121,1098
1099,35
1103,1101
1252,1103
1252,1102
1103,1102
1249,1105
1106,1105
3394,1105
1107,1106
1108,1107
1109,1107
1110,1092
1111,1092
1112,1111
1113,1111
1114,1111
1115,1114
1116,1113
1117,1113
1118,1117
1119,1098
1120,1119
1121,1119
1122,1114
1123,1122
3419,1122
3370,1122
3383,3372
3371,1104
1124,1101
1127,1125
1130,1125
1130,1126
1144,1126
1128,36
3239,1143
1130,1129
1145,1144
1141,1130
1142,1131
3232,1131
3232,1132
1133,1131
1142,1133
1134,1133
1135,1134
1136,1135
1137,1136
1138,1137
3008,1138
3007,1136
1139,1136
3242,1139
3242,1140
3238,1140
3237,1140
3241,1144
3241,1141
1144,1143
1145,197
1148,1146
1247,1184
3251,3250
1247,1147
3252,1147
3247,1147
3247,1148
3262,1212
3262,1153
3315,1153
3315,1150
1159,1150
1159,1151
1157,1151
1158,1152
1153,1152
3274,1154
1155,1154
1155,1126
1156,197
1157,1154
1158,1151
4370,1155
4371,4370
4371,1159
1163,1150
1163,1160
4368,1160
4368,1161
1162,1161
3365,1163
1165,1162
1165,1164
3258,198
3258,1164
3254,3253
4367,3254
4367,3255
3257,3255
3257,1165
3317,1162
3317,1166
3260,1166
3266,1157
3266,1167
3294,1171
3294,39
4365,3289
4365,3287
3287,1172
3286,1172
1179,1173
1174,1173
1175,1172
3285,1175
3285,1176
3284,1176
3284,1177
3288,1177
1179,1176
3292,3286
3292,1179
3288,1179
3319,3306
4351,3314
3314,1180
1183,1180
1183,1181
3298,1181
3299,1182
4352,3299
4352,1183
1184,198
3293,1132
3279,1146
3274,1156
4358,3310
4358,3307
3307,3297
3310,1720
3305,3304
4351,3305
4351,3306
1186,1185
3363,3331
1192,1187
3321,1238
3320,1194
3320,1193
1193,1188
1189,1188
1191,1189
1192,1189
3363,1190
3362,1191
1192,1191
3362,1193
1195,1194
3321,1195
1197,1196
3322,1196
3327,1270
3327,1197
1270,1198
1246,1200
1215,1200
1209,1200
1211,1209
1211,1204
1204,1201
1202,1201
3336,3324
3332,1203
1246,1203
1211,1203
3335,1205
3335,1204
1205,40
1206,40
1207,1206
1208,1206
4378,1215
4378,3339
3340,3339
3340,1210
1210,1209
1210,1200
3342,1211
3331,40
4375,3342
1213,1212
1213,1149
4381,1213
4381,1223
1223,1214
4379,1215
4379,1216
1219,43
1273,1217
1273,1218
1222,1221
1221,1220
1221,1218
4382,1222
3260,1222
4380,1216
4382,1224
4380,1224
2006,41
2006,2004
2004,2003
2009,1225
2003,1225
2015,1998
2014,1998
3319,2014
2017,1998
3425,1226
3318,1227
1230,1228
1229,1228
1231,1230
1231,1229
3359,1236
1234,1227
1233,1232
3318,1234
2020,1235
1236,1235
1238,1237
1245,204
1239,204
3351,1239
1240,1239
1241,1240
1242,1240
1243,1242
3354,1241
2020,1241
3339,42
4363,3304
4363,2015
2042,1244
2031,1268
1245,954
1246,43
1247,1178
3416,3413
3416,1248
3409,1248
1271,1249
3395,1250
3394,1250
1251,1250
3400,1251
3402,1251
3402,1252
1275,1102
1254,1253
3397,1259
1259,1255
1272,1255
1272,1258
1258,1256
1257,1256
1258,1257
1260,1257
1259,1257
1260,1259
1261,1260
1271,1263
1263,1262
3400,1262
1263,1250
3401,1263
3406,1264
1275,1255
1275,1264
3410,1265
3410,3408
3412,1266
1266,1265
4378,4377
1267,1232
1268,1267
3412,1256
3422,1226
3422,2009
2003,1269
3253,1127
3324,1270
3406,1271
3408,1272
3318,1198
3251,1273
3181,3178
3401,1275
4377,2695
1276,1187
1279,1277
1285,45
1305,1278
1305,1279
1280,1061
1281,1280
1282,1280
1283,1280
1285,1284
1286,46
1287,47
1300,48
4218,1288
1289,1288
1289,49
1290,1288
1291,1289
1292,1291
1293,1062
1300,1293
1301,1293
1301,1294
1295,1294
1297,1295
1297,1296
1296,1291
1296,1292
1297,788
1298,1295
1299,1298
1299,1294
1300,1290
1301,1290
1302,1298
1303,1302
1303,50
1304,1303
1305,1304
1306,51
1763,1075
1332,1308
1309,1308
1310,1309
1311,1310
3447,1312
1333,53
3446,1334
1313,54
1314,1313
1387,1343
1315,55
3499,1315
3499,1316
3508,1317
1317,56
3521,1388
3521,1379
1389,1318
3524,1380
1319,57
1328,1320
1321,1320
1322,1321
1326,1322
1326,1325
1325,1322
1323,1322
1325,1324
1327,1307
1327,1326
1327,1320
1750,1321
1328,1307
1329,1073
1763,1329
1331,1330
1333,1311
1334,1333
1337,1334
1337,1335
1336,1335
3447,3444
1337,1312
3445,1339
1342,1339
1342,1341
1341,1338
1339,1338
3446,1342
3444,1311
1343,59
1344,1343
1358,60
3460,1348
3461,1348
3461,1345
3456,1345
1371,1361
3451,1346
1347,1346
1360,1347
1349,1347
3453,1349
3453,1348
1363,1352
1352,1349
3529,1363
3529,1350
1351,1350
1352,1351
1353,62
3493,1355
1368,1356
3460,1358
1359,1358
1361,1346
1362,1360
1363,1361
3535,828
3535,1364
3487,3478
3487,1365
1367,64
1368,65
3502,1369
1370,1369
1371,1370
3508,3502
3513,1372
3543,1372
3553,1373
1374,1373
3516,1374
3516,3513
1378,1375
3517,1375
1376,1375
3518,1376
3518,1377
1379,1378
1379,1314
1381,1380
3522,1382
1383,1382
1389,1382
1384,66
3526,1385
3526,68
1386,1357
3522,1387
1387,1314
1388,1313
3530,1364
3530,3478
3523,1389
1455,1390
1392,1390
1455,1392
1391,1390
1392,1391
1456,1391
1393,1391
1395,1393
1456,1396
1457,1396
4419,4410
4410,1397
1650,1397
1650,1398
1943,1398
4407,69
1949,1414
1930,1401
1944,1413
1937,1934
1934,1932
1932,1400
1401,1400
1422,1418
1422,1420
1420,1402
1405,1403
1423,1405
1423,1403
1639,1404
1405,1404
1436,1430
4421,1433
1930,1433
4432,3779
4425,3779
3574,1950
4437,3579
3579,1444
4439,3579
4439,3578
3578,1406
3779,1406
3616,3614
1408,240
1409,1408
1944,1415
1944,1410
1416,1410
1948,1416
4412,1401
1638,1411
1638,1412
1940,1412
1940,1638
1413,1412
1949,1947
4407,1414
1415,1410
1647,1416
4415,4413
4418,4415
4418,1425
4413,1417
1418,1417
4417,1419
1420,1419
1641,1421
4417,1422
1423,1404
3627,1401
4414,1425
4414,4412
1424,1421
1425,1424
1637,1427
1427,1426
3626,1428
1429,1426
1430,1429
3626,1430
1436,1429
4421,1436
4421,1431
3628,1431
3628,1432
3627,1432
1433,1432
1434,1431
1588,1435
1436,1435
4432,1437
3573,3572
3579,3572
4437,1438
1444,1439
1440,1439
1660,1440
1441,1440
1442,1441
1443,1441
3297,1444
3782,1445
1446,1445
3614,3613
3616,3612
3612,1447
3618,3615
3615,1448
3620,1448
3620,1449
3622,1450
3622,3618
1451,1450
3613,1451
1451,70
1651,1452
1453,1452
1454,1453
3625,1454
3626,1454
1455,1403
1640,1455
1640,1456
1457,1415
3679,1578
1561,1458
1566,1561
1562,1552
1564,1562
1565,1564
1564,1459
1565,1459
1563,1459
1563,1460
1461,1460
3732,1461
3732,1462
3629,1463
1473,1464
1465,1464
3631,1466
1533,1468
1535,1467
1468,1467
1469,1467
1655,1469
3641,1655
3641,1470
1471,1470
1472,1471
1473,1472
1475,1471
3639,1475
3640,1475
3716,3639
3716,1476
1477,1476
1478,1477
3642,1478
3643,3640
3643,1478
1506,1479
3752,1506
1481,1467
3634,1481
3635,1481
3634,1537
3635,1486
1655,1482
1483,1482
1490,1483
1487,1483
1487,1484
1537,1491
1491,1485
1486,1485
1487,1485
1488,1487
1489,1488
1490,71
1541,1491
1492,1491
1567,1492
1493,1492
1541,1493
1567,1510
1510,72
1653,1490
3641,1494
3642,1495
1495,1494
1496,1495
3646,1652
3660,3646
3660,3650
1497,1496
3661,3646
3661,1654
1654,1498
1502,1498
3650,1503
1503,1499
1500,1499
1501,1499
1502,1501
3719,1502
3719,1503
1569,1504
1643,1505
1506,1505
1507,1500
1508,1504
1509,1504
1513,1493
1513,1510
1511,1510
3721,1511
1514,1513
1514,1511
1577,1512
1518,1512
1518,1513
1518,1514
3666,1514
1515,1514
1516,1515
1517,1515
3721,1517
1519,1517
1520,1519
1522,1521
1654,1522
1523,1522
1524,1523
1525,1524
1526,1525
1527,1526
1528,1526
1571,1529
1530,1525
3679,1531
1572,1532
1532,73
1533,73
3679,73
1574,1534
1574,1535
3727,1574
3727,1536
1537,1536
1538,74
1539,1538
1542,1539
1542,1540
1541,1539
1576,1542
1544,76
3727,1545
1546,77
1547,78
1548,79
1550,1549
3712,1551
3712,1649
1645,1558
1559,1558
3704,1559
3704,1552
1553,81
1560,1553
1560,1554
1555,1554
1556,1555
1558,1557
1559,1557
3714,82
3714,1560
3733,1462
1561,83
1562,1458
1563,1562
1564,1458
1566,1565
3679,3631
3633,84
1567,1493
1569,1503
1569,85
3666,1570
1571,1525
3754,1574
1575,86
1576,1543
1577,1543
3733,1579
3775,1580
1581,88
1582,1581
1583,1581
1584,89
1585,1584
1586,1584
4419,341
1947,1587
1946,1587
1948,1588
1950,1589
3790,1589
3790,1590
1591,1590
3790,90
1950,1592
3788,1592
1593,1590
1604,1593
1606,1604
1605,1593
3793,3789
1656,1594
3816,1607
1596,1595
1609,1596
3817,1609
3817,1597
1611,1597
1616,1614
1622,1621
1623,1622
1623,1598
1624,1598
1624,1599
3833,1600
3835,1600
1601,1600
1602,1600
1603,1601
3837,1603
3838,3837
3839,3838
3788,1604
1605,1604
1606,1605
1607,1594
3793,3792
3792,1608
1609,1595
1613,1611
1613,1610
1611,1610
1612,1610
1613,1612
1614,1609
1615,1614
1616,1615
1617,1612
3815,1617
3823,3815
3824,1618
1619,1618
1620,1618
1620,1619
1621,1620
3826,1621
3826,1622
3826,1623
3831,1624
3833,1599
1625,1599
3834,1625
3835,3834
1626,1601
3827,1626
3839,3827
3827,1631
1631,1627
1628,1627
1629,1627
1630,1629
3873,1630
3873,1631
3740,1630
3738,1632
1633,1632
3739,1633
3739,1634
3746,1634
3746,1635
1636,1635
3745,1635
3745,1709
1946,1638
1937,1418
1932,1417
4415,1932
1639,341
1640,1639
1641,1419
1642,1569
1643,1642
1644,1580
1930,1646
1647,1646
3648,1497
3648,1648
1649,91
1650,1399
1651,1424
3649,1496
3649,1652
1653,1510
1654,1653
3636,1486
3636,1655
3728,92
3968,93
3968,1658
1658,1657
3969,1658
3760,1659
3970,3880
3970,3879
3879,1660
3881,3879
3879,3758
1661,94
1701,95
1701,1700
4461,1662
4461,1663
1664,1663
1665,1664
1666,1665
1667,1662
1668,1667
1669,1668
3917,1669
3927,1124
3927,1672
1672,1670
3976,1671
1672,1671
1673,1124
1680,1679
3975,1679
1678,1674
1676,1674
1676,1675
1687,1675
1687,1678
1676,96
1677,1673
3975,3974
3974,1678
1679,1676
1713,1680
3931,1677
3943,1683
1684,1681
1682,1681
3979,1684
1683,1675
1684,97
1685,98
1686,1685
1687,1683
3948,3917
3948,1714
3981,3920
3981,1714
3951,1714
3951,1688
3986,1688
3990,3986
3990,3988
3992,3988
3994,3992
4357,3952
4357,1721
1714,1689
4000,1715
4001,1717
4001,1690
1719,1690
4015,4000
4020,4015
3967,1692
1692,1691
3959,3958
3958,3956
3961,1692
3888,1658
3880,3760
3882,1660
3884,3882
1693,1660
3879,1694
3757,1694
3881,3758
3881,1695
3884,1695
3890,3888
3971,3890
3971,3891
3891,1706
3894,1706
3894,1696
1697,1696
1704,1696
1704,1699
1699,1698
3900,1700
3900,1699
1705,1700
1707,1701
3889,99
3889,1702
4449,1702
4449,1706
3893,1706
3893,1703
1704,1703
3899,1703
3899,1705
3899,1707
3896,3895
3896,3892
3892,1706
3895,3757
3902,3884
3903,3902
3903,1707
3903,1708
3920,1666
1709,1636
1710,1709
1711,1636
3947,1712
3931,1713
1721,1720
1714,100
3999,1717
3999,1715
1716,1689
1717,1716
1719,1718
4000,1718
4013,4012
4013,3967
4012,4009
4009,1719
3959,1691
3956,1720
4020,1721
3961,101
1727,1722
1723,1722
1724,1723
1727,102
1725,308
1726,1725
4040,4031
1727,308
4034,4033
4038,4037
4037,4031
4039,4034
4039,4038
4508,103
4508,1728
1744,1730
1743,1730
4506,1731
1742,1731
4511,4510
4513,4510
1732,104
1733,1732
1734,1733
4511,1734
1735,105
4500,1735
4503,4500
4495,105
4495,1741
1741,1736
1737,1736
1738,105
1739,1738
4516,4498
4498,1740
1741,1740
4514,348
4516,1743
4513,1742
4507,1742
4506,1743
1744,1729
4514,1744
4507,4499
1745,332
1746,332
1747,1746
1748,1747
1752,1749
1752,1748
1750,1749
4255,1750
1756,1751
1752,1751
1756,1753
1754,1753
1755,1754
4255,1753
1755,106
4258,107
4333,1756
4258,1757
4265,1757
4267,1755
4267,4258
4267,1758
1759,1758
1760,1759
4268,1759
4268,1761
4267,1762
1764,1762
4268,1764
1764,1763
4269,1764
3979,1765
2264,108
2499,2249
2499,1779
1779,1774
1775,1774
1775,1766
1767,1766
1814,1767
1814,1768
2478,1768
2478,1769
1846,1770
2516,350
2516,1771
2516,1783
1784,1783
1784,1772
1787,1772
2273,1772
2273,357
2274,356
2274,1773
1782,1773
1782,1780
1788,1780
2243,1788
2243,1778
1778,1774
1795,1775
1776,1774
1777,1776
1777,1766
1827,1767
2242,1778
2250,1778
2250,1779
2250,2245
2247,1773
2246,1780
1782,355
2508,1783
2508,1784
1785,1783
2510,1786
1787,1786
2274,2248
2244,1788
1795,1788
2062,1795
2062,1829
2272,1829
2272,2238
2237,1821
1812,1807
1812,1789
1790,352
1791,1790
2026,1792
2025,409
2025,1793
1794,407
1795,1794
1796,1794
1798,1796
1830,1798
1797,408
1798,1797
1799,1797
2240,1823
2039,368
2039,1800
1801,1800
2045,1801
2031,2027
2033,1802
1803,1802
1813,1802
2053,2052
2053,1804
2053,1805
1806,1805
2515,1805
2511,1807
1817,1807
2220,1809
1810,362
1811,363
1840,109
1819,1812
1813,372
1814,1769
1815,1769
2479,1815
2479,1826
1826,1820
1820,1816
1817,1816
1818,1816
1819,1818
2291,1818
2235,1822
1822,1820
1825,1820
1825,1821
1822,1821
1823,1821
1828,1823
1828,1824
1825,1824
1826,1824
1827,1815
1828,1827
2241,1827
2241,1829
1830,1829
1831,1830
1835,1831
1835,1832
1833,1832
1834,1831
2236,1834
2237,1834
1835,1834
1836,1835
1837,1836
1838,1837
1839,1837
2234,1832
2061,1840
1841,1840
2222,1843
2228,1840
2228,2223
1847,1846
2426,2424
2426,1848
2420,1848
2423,1848
2423,2179
2426,2179
2179,2177
2177,1849
1857,1849
1857,1850
1852,1850
1852,1851
1852,1849
2411,1853
1854,1853
2408,1853
2410,2408
2406,110
1855,111
2421,112
2422,2421
2422,1856
1857,1856
1858,1850
2305,2304
2304,1859
2388,1860
2388,1861
2458,1862
1863,497
1864,485
1865,1864
2567,1865
2567,1866
2566,113
2568,496
1867,484
1889,497
1889,1868
1869,1868
1870,1868
1871,114
1872,491
2618,1873
2618,1877
1877,1874
1875,929
2619,1876
2619,1877
1877,1872
1878,488
1878,489
2622,487
3026,2622
1879,527
1880,492
1881,492
2621,1882
2621,1883
1884,1883
1885,1884
1886,483
1887,1886
1888,1887
1889,1888
1889,1886
2621,1890
2618,1890
1890,532
2570,1891
1892,115
3075,1892
3076,1893
1894,1893
4302,3143
3145,1895
2925,2916
4299,2925
2919,1896
3155,2919
2914,1897
2940,1897
2921,2686
2938,2921
2938,1897
4302,1898
2934,2916
1899,452
1900,406
3137,2918
2918,1901
4306,2941
4304,2941
4299,1902
4299,1903
1906,807
1906,1905
1905,1904
3464,1905
1905,816
1906,805
1907,800
1908,1907
1909,1907
1910,881
1911,1910
1912,1910
1913,829
1918,834
1914,834
1915,1914
1916,1915
1917,1916
1918,1917
1919,922
1921,1919
1920,838
1923,1920
1921,1920
1922,1921
1923,836
2993,923
1925,1924
1925,841
3117,1926
3604,1928
1928,1927
3588,1927
3582,1927
3598,1928
1929,1928
3781,3624
1931,1930
1933,1401
1933,1931
1933,1932
1938,1933
1938,1931
1938,1934
1945,1931
1945,1647
1935,1418
1940,1935
1936,1935
1937,1936
1939,1936
1938,1936
1939,1931
1940,1939
4384,1942
1941,1398
1942,1941
1943,1942
1944,1414
1945,1413
1947,1946
1947,1638
1948,1646
1949,116
3574,117
1950,117
1951,117
4440,4435
4440,4436
3611,3600
1952,1445
3583,118
1953,119
1954,1953
1971,782
4178,1955
4178,1956
1992,1957
1966,1958
1966,1959
1967,1960
1967,1961
1975,1962
1975,1963
1977,1964
4162,1986
4162,1965
1987,1966
1987,1973
1969,1967
1969,1968
1969,1965
1970,1965
1974,1971
1974,1972
4177,1977
4177,1973
1974,120
1975,775
1976,784
4171,1977
4171,1981
1978,1385
4182,1979
1981,1980
1985,1973
1983,1981
1983,1982
1994,1983
1985,1983
1985,1984
1993,1985
1993,1986
1987,1986
1988,1986
1989,121
4198,1988
4186,1992
4194,4186
1991,122
1992,122
1996,1993
1994,123
1996,1989
4191,1989
1995,1994
4197,1996
1999,1998
3300,1999
3357,2000
2001,124
2012,2001
2012,2002
2003,2002
2007,2002
2007,2004
2005,2004
2007,2005
2006,2005
2007,2001
2008,1225
2009,1269
2013,2010
2013,2011
2012,2011
2016,2013
2016,2014
2015,2014
3319,2016
2017,2011
2018,125
3325,1227
3328,3325
2019,1229
2020,2019
3548,2021
3547,2022
2023,1388
3492,3458
2024,126
2025,1790
2026,2025
2033,1801
2045,2027
2044,2027
2514,2028
2029,127
2030,1803
2031,2030
2032,1813
2033,2032
2034,2032
2035,2034
2036,2035
2037,2036
2038,2037
2039,2035
2040,2039
2041,2040
2268,365
2042,128
2043,2042
2044,2043
2045,2044
2048,2043
2048,2046
2281,2046
2215,2046
2215,2047
2048,2047
2050,2048
2049,2047
2050,129
2285,354
2051,130
2052,370
2053,2040
2060,2054
2280,2054
2284,2278
2278,2055
2056,131
2284,2057
2058,2057
2059,2058
2060,2058
2481,2061
2062,1796
2512,2317
2316,140
4292,2491
4291,2491
4291,2063
2506,2063
2506,2064
2498,2064
2341,2065
2372,2065
2372,2066
2373,396
2373,2067
2451,2067
2451,2068
2466,2158
2466,2069
2157,2069
2157,2070
2134,2070
2433,2134
2433,2160
2160,2070
2133,2070
2158,2133
2188,2158
2188,2132
2132,2071
2439,2071
2072,2071
2073,2072
2452,2073
2436,2072
2189,389
2189,2186
2186,2074
2075,2074
2396,2075
2184,385
2184,2076
2193,2076
2193,2077
2393,2077
2394,2078
2465,2461
2475,2079
2501,2079
2080,151
2081,399
2344,2081
2082,2081
2152,2082
2470,2082
2470,2083
2151,2083
2151,2148
2148,2083
2084,397
2469,2084
2086,2084
2448,2086
2162,2086
2430,2162
2430,2085
2141,2085
2141,2086
2445,2141
2445,2146
2146,2087
2088,2087
2140,2087
2140,2089
2090,2089
2091,2090
2092,2091
2099,2092
2165,2099
2165,2120
2127,2120
2127,2093
2094,2093
2440,2094
2095,2094
2438,2095
2438,2096
2097,403
2098,2097
2123,2098
2126,2123
2126,2099
2121,2099
2121,2119
2173,2119
2173,2100
2171,2100
2171,2103
2103,2101
2117,2101
2117,2102
2108,2102
2409,2108
2409,2103
2104,2103
2170,2104
2170,2105
2106,2104
2444,2106
2424,2419
2492,2111
2111,2107
2108,2107
2109,2102
2113,2109
2113,2110
2111,2110
2112,2110
2112,1862
2403,2112
2404,2403
2403,2113
2400,2109
2400,2114
2116,2114
2175,2116
2175,2115
2116,2115
2117,2115
2118,2101
2172,2118
2172,2119
2120,2119
2121,2120
2173,2124
2124,2123
2125,2089
2126,2090
2144,2091
2164,2144
2164,2138
2138,2127
2128,2093
2129,2128
2130,2129
2435,2130
2136,2129
2136,2131
2132,2131
2133,2131
2134,2133
2163,2135
2137,2135
2137,2136
2137,2128
2138,2135
2144,2139
2140,2139
2145,2139
2145,2141
2142,2085
2143,2142
2431,2143
2432,2431
2144,2143
2145,2142
2146,132
2447,2147
2148,2147
2213,2147
2213,2149
2150,2149
2151,2150
2152,2150
2153,2149
2154,2153
2155,2154
2505,2154
2505,2156
2342,2080
2470,2159
2159,2157
2158,2157
2159,2069
2161,2159
2161,2160
2468,2161
2507,2469
2162,2084
2432,2163
2432,2164
2165,2092
2166,2122
2167,2166
2168,2167
2169,2166
2170,2169
2171,2169
2172,2095
2173,2172
2400,386
2174,2114
2175,2174
2176,2174
2437,387
2486,2424
2427,133
2427,2178
2178,2177
2178,378
2179,2178
2312,2299
2302,2180
2181,2180
2308,2180
2310,2308
2386,2308
2386,2311
2387,144
2390,144
2390,2182
2389,2182
2401,2183
2184,391
2185,2184
2186,2185
2189,2187
2188,2187
2190,2187
2190,2189
2376,2190
2380,2377
2380,2338
2495,2191
2197,2191
2197,2192
2193,2192
2194,2193
2195,2194
2467,2384
2467,2207
2467,2199
2199,2198
2198,2196
2197,2196
2337,2196
2337,2198
2212,2198
2212,2199
2200,2199
2208,2200
2208,2206
2206,2201
2319,2201
2204,2201
2204,2202
2502,2202
2202,393
2203,393
2204,393
2443,2202
2443,2205
2209,2205
2206,2205
2209,2207
2208,2207
2209,2208
2210,2207
2211,2207
2321,2212
2213,134
2415,2413
2402,2395
2321,2200
2484,2215
2217,2216
2289,2264
2264,2218
2219,2216
2230,363
2230,2220
2222,2220
2233,135
2233,2221
2223,361
2232,2223
2232,2224
2225,2224
2225,1808
2226,1808
2227,2226
2228,2227
2229,2228
2231,2230
2232,2227
2233,2232
2511,360
2291,2234
2235,2234
2236,2235
2237,2236
2238,2237
2239,2238
2240,2239
2241,2240
2242,2241
2243,2242
2244,2243
2245,2244
2246,2245
2247,2246
2248,2247
2497,2248
2500,2249
2250,2249
2251,364
2252,2251
2253,2252
2257,2251
2257,2254
2254,2252
2253,136
2482,2254
2482,2261
2261,2259
2259,2255
2256,2255
2261,2256
2259,2256
2257,2256
2258,2255
2267,2259
2267,2260
2261,2260
2263,2260
2482,2263
2262,2260
2263,2262
2264,2263
2289,2262
2289,2265
2266,2265
2267,2265
2269,137
2269,2268
2270,2269
2271,2217
2272,2239
2273,358
2274,2273
2275,354
2276,2275
2277,2275
2278,138
2294,2279
2281,2280
2282,2281
2283,2282
2285,1830
2479,2286
2287,1826
2513,2288
2289,2217
2290,1780
2514,2291
2292,2029
2293,2035
2294,2056
2295,2056
2295,2294
2295,139
2298,2297
2473,2309
2309,2299
2300,2299
2301,2300
2305,2300
2302,2299
2303,2302
2307,2303
2307,2304
2307,2305
2306,2303
2307,2306
2308,2306
2309,410
2310,145
2311,145
2490,2312
2313,381
2314,2313
2471,2314
2316,2315
2317,2316
2318,2203
2319,2318
2320,2319
2321,2079
2322,140
2488,2323
2489,2488
2489,2324
2325,2324
2326,2325
2328,2324
2328,2327
2489,2328
2329,2328
2488,2329
2330,2329
2480,2331
2369,2332
2371,2332
2371,2333
2371,2334
2371,2335
2381,2335
2381,2336
2337,2336
2503,2338
2503,2339
2379,2339
2379,2340
2341,2340
2450,2341
2450,2342
2428,2342
2428,2343
2343,399
2504,2152
2504,2344
2505,2344
2345,974
3214,2347
2348,971
2349,2348
2350,2349
2351,141
2352,2351
2353,2352
2354,142
2355,2354
2356,991
2357,983
2358,989
2359,143
2360,2359
2363,2362
2364,2362
2365,992
2365,993
2366,2365
2367,1002
2368,1082
4292,2369
4292,2370
2371,2370
2372,395
2372,2081
2373,395
2374,2373
2375,2374
2376,2375
2377,2376
2378,2375
2379,2378
2380,394
2495,2381
2382,392
2383,2382
2490,383
2386,2310
2387,2311
2388,2387
2455,144
2459,2455
2459,2391
2389,145
2390,2389
2391,2390
2392,2195
2393,2392
2394,2393
2395,2394
2396,385
2397,2396
2398,2397
2399,2398
2400,2398
2401,2397
2402,2401
2402,384
2403,2183
2404,382
2405,2404
2406,146
2494,2407
2408,2407
2409,2407
2411,2410
2412,2411
2413,1859
2414,2413
2415,1861
2417,1859
2473,2418
2485,2419
2420,2419
2421,2420
2422,2420
2423,1856
2485,2424
2425,2419
2427,412
2428,2081
2507,2429
2430,2429
2431,2429
2432,148
2468,2433
2434,2130
2435,2434
2440,2435
2440,2436
2437,2436
2438,2436
2440,2438
2439,2434
2440,2439
2441,2377
2442,2317
2443,2442
2449,2445
2449,2446
2447,2446
2448,2447
2449,398
2450,2064
2451,2065
2452,389
2453,2452
2457,2454
2455,2454
2456,2454
2457,2456
2458,2456
2459,2458
2461,2460
2462,2461
2463,2462
2464,2393
2466,2374
2467,2198
2469,2468
2470,2161
2472,2471
2473,2222
2474,351
2475,1776
2476,1777
2477,1768
2478,401
2480,2479
2480,1815
2481,1812
2482,149
2483,2253
2513,2060
2484,2060
2485,2218
2486,2218
2487,2324
2488,2225
2489,2225
2490,2233
2491,150
2492,2214
2493,2492
2494,2107
2495,2338
2496,2321
2497,1787
2498,1787
2499,2369
2500,2369
2501,2499
2502,2317
2503,2381
2504,2153
2505,2504
2506,2340
2507,2163
2508,151
2510,151
2509,1786
2510,400
2512,2511
2512,359
2513,2052
2515,2043
2516,2080
2522,884
2522,2517
2518,2517
2522,2519
2520,2519
2525,2521
2522,414
2524,2523
2525,2519
3069,2526
3071,2527
2528,2527
2531,2528
3071,2528
2529,2527
2530,2529
2531,2530
2532,2530
3072,2539
2539,2533
2534,417
2535,417
2536,2535
2537,2535
2538,2537
2539,2538
2540,445
2541,2538
2542,446
2543,2542
2544,2543
2545,2543
2546,2543
2547,2546
2548,441
2549,442
2554,444
2554,2550
2563,2550
2616,2551
2552,2551
2553,2552
2554,2551
2564,443
2555,440
2556,2555
2557,422
2558,2557
2558,152
2559,2558
2560,428
2561,2560
2562,2561
2563,1891
2565,2537
2617,2572
2572,525
2566,495
2567,2566
2568,2567
2569,2568
2588,2569
2588,2570
2570,496
2573,2570
2573,2571
2572,2571
2573,525
2574,525
2617,2574
2588,2575
4284,2577
4288,2903
4288,2585
4282,2579
4287,2576
4287,2917
2913,2577
2913,2578
2582,2579
2582,2580
2913,2903
3138,2922
2922,2581
2926,2579
2586,2582
4286,2922
2587,404
4280,3141
4280,2939
2585,2583
2909,2586
2587,2584
4281,4277
2906,2585
4287,2906
4286,2917
2907,2586
2908,2907
3142,3141
2924,2587
2607,1894
2607,2589
2590,2589
2593,2590
2593,2591
2592,499
2593,2592
2594,505
2595,2594
2596,2594
2597,2596
2598,153
2599,2589
2600,2599
2605,519
2605,2602
3079,2602
3079,3076
2603,1893
3079,2604
2605,518
2606,2602
2607,2606
3239,2602
2613,2611
2613,2608
2609,516
2610,514
2611,2610
2612,154
2613,2612
2615,2590
2616,2563
2617,2552
2618,1872
2619,491
2620,504
2621,491
2622,1884
2623,2592
2624,155
2625,2624
2689,2646
2646,2626
2689,2627
2689,2656
2628,156
2654,2628
3083,2654
3083,2629
2630,2629
2648,2630
2651,2648
2652,2651
2652,2650
3082,2650
2641,2635
2635,2631
2632,2631
2633,2632
2636,2633
2634,2633
2635,2633
2641,2636
2638,2636
2637,2636
2930,2639
2639,2638
2644,2638
2644,2639
2644,2640
3082,2640
2641,2640
2642,2640
2650,2643
3082,2644
2656,2654
2656,2655
2655,2646
2646,2645
2647,2645
2647,2646
2655,2647
2648,2647
2658,2648
2658,2649
2651,2649
2650,2649
2651,2645
2652,2649
2653,2652
2654,2624
2655,2654
2656,2625
2657,889
2658,2657
2659,2658
3084,2659
3084,2660
2661,2660
2662,2660
2663,2631
2664,2663
3070,2663
2666,2665
2667,2666
2668,2666
3085,2669
3127,2669
2671,2667
2672,537
2673,2672
2674,538
2675,2672
2676,2672
2678,2677
2680,2679
2687,539
2687,2681
2682,540
2683,2682
2684,2683
2685,2683
2943,2924
2939,2686
2687,2682
2688,2624
2689,2625
2690,566
2691,566
2693,576
3080,2694
2695,157
2696,573
2697,574
3080,158
2698,580
3085,2698
2699,571
2700,2699
2701,2699
2702,585
2703,159
2704,555
2705,2704
2706,564
2785,2784
2708,559
2787,2709
2710,2709
2710,565
2711,2709
2712,2704
2713,569
2714,160
2715,161
2716,689
2717,2716
2718,2717
2719,2718
2720,1038
2721,162
2722,638
2723,644
2724,645
2772,2724
2773,2772
2773,2727
3097,2725
2727,2726
2728,2726
2729,2728
3093,2730
2731,2730
3093,2732
2733,2730
2734,651
3092,2734
3092,3091
3091,2735
2736,694
2737,2736
2738,2736
2739,687
2740,2739
2741,2740
2779,2749
2749,2742
2743,654
2744,2743
2745,2743
2746,2743
2747,2746
2748,2746
2748,2718
2779,2753
2753,2749
2753,2750
2751,2750
2752,2751
2780,2751
2753,655
2754,647
3098,2754
3098,2755
2778,2756
2757,2756
2758,650
2759,2758
2760,2758
2764,657
2764,2761
2764,2762
2763,680
2764,680
2765,679
2766,649
2767,2766
2768,674
2769,2768
2770,2769
2771,659
2772,646
2774,2773
2775,2774
2776,2775
2777,2768
2778,2720
2779,163
3098,2780
2782,653
2782,2781
2783,2782
2784,164
2785,165
2787,2786
2788,557
2788,2787
2788,558
2794,717
2794,2789
2790,2789
2791,2790
2792,713
2793,2792
2794,2793
2795,714
2803,2795
2811,2803
2811,2795
2796,166
2800,2790
2800,2799
3100,2798
2798,2797
2872,2798
3101,2798
2799,2789
2815,2799
2816,2815
2817,2816
2817,2800
2801,2800
2802,2801
2803,2801
2804,2803
2808,722
2808,2805
2807,2805
2807,2806
3105,2807
3105,2808
2809,2805
2810,2809
2811,2809
2812,718
2813,2812
2814,2812
2815,2812
2816,720
2872,2818
3103,2819
2823,2819
2820,2819
3103,2821
2822,167
2823,724
3105,2823
2824,723
2825,2824
2826,2824
3107,2827
3107,2828
2829,902
2854,2829
2854,2830
2850,2830
2851,2850
2851,2831
2868,2831
2832,2831
2834,2832
2834,2833
2868,2834
2835,2834
2836,2835
2883,2836
2883,2881
2881,2867
2867,2837
2838,2837
2869,2837
2869,2839
2840,2839
2875,2840
2842,2832
2843,2831
2844,2843
2852,2843
2852,2845
2846,2845
2847,904
2848,2847
2849,2847
2855,2849
2855,2850
2853,2850
3109,2853
3109,2851
3109,2852
2853,2849
2855,726
2855,2854
2855,2829
2856,902
3096,2859
2859,2857
2858,2857
2859,2858
2860,735
2861,2860
2862,2860
2863,731
2864,2863
2865,2863
2866,2832
2867,709
2868,706
2869,711
3102,2870
2871,2870
2872,2871
2873,2871
2874,2839
2880,2840
2882,2880
2882,2875
2876,736
2877,2876
2878,707
2879,2878
2880,2879
2881,2880
2882,2840
2883,2878
2884,740
2884,739
2885,740
2886,2830
2887,168
2888,2887
2889,742
2890,2887
2891,2890
2902,2892
2894,2892
2894,2893
2894,169
2896,2892
2896,2895
2896,170
2897,749
2901,2897
3116,2901
2898,743
2899,172
3111,173
2900,174
3116,750
2901,750
2902,2890
2912,2903
2912,2583
2904,2583
2905,2583
4277,2910
4282,2910
3138,2923
2909,2908
2906,2904
2932,2904
2907,1898
2908,1898
4306,2909
2920,2910
2920,1896
2911,1896
2912,2578
2915,2578
2925,2578
2915,2913
2914,2686
4310,2926
2933,2915
2933,2916
2932,2917
2932,2918
3142,2919
4310,2920
2921,2914
2923,2922
2923,2581
3145,2581
2924,420
2925,2905
3143,2926
2927,919
3081,2928
2930,2929
2931,880
2958,880
3137,2932
3146,175
2937,2933
2937,2934
2943,2935
2944,2936
2944,2937
3115,2940
4335,2938
4335,2939
3114,2940
3150,2935
4303,2935
3140,2941
3140,1899
2942,1899
3148,1902
3150,2943
3153,2934
3151,2944
2958,2946
2946,2945
2960,2945
2956,2945
2956,2946
2947,2946
2964,2947
2964,2948
2953,2948
2996,2953
2953,2949
2952,2949
2952,2950
2952,2951
3123,2951
2954,2951
2954,2952
2953,858
2954,858
2955,2949
2956,2955
3121,2957
2958,2957
2959,2957
3121,2960
2961,2958
2962,2961
2963,2962
2965,2963
2968,2965
2964,2962
3004,2964
3004,2965
2966,2963
3004,2987
2987,2967
2968,2967
3010,2968
2969,2968
3011,861
3011,2970
3078,2970
3078,2973
2973,2971
2973,2972
3000,2973
3000,2974
2978,2974
2978,2975
2976,2975
2979,2976
2979,2977
3125,2997
2997,2978
3074,2978
3074,2979
3078,859
3077,181
2998,866
2980,1925
2981,2980
2990,2982
2990,2983
2985,2983
2991,2983
2991,2984
2985,2984
2986,2985
2995,2986
3003,2986
3003,2987
2988,2987
3126,2988
3126,3002
3002,3001
3001,2989
3120,2990
2991,2990
2992,2991
2993,2992
2994,855
2995,2994
2996,854
2998,2997
2998,863
2999,2998
3000,861
3001,2967
3002,2967
3003,2984
3004,3003
3005,2988
3126,3006
3007,3006
3008,3006
3009,3005
3010,3001
3011,3010
3077,3011
3077,2970
3012,176
3013,3012
3014,3012
3129,3094
3128,3094
3015,872
3016,3015
3016,873
3017,3016
3018,3015
3019,177
3020,3019
3021,178
3032,3021
3032,3022
3024,3023
3024,512
3026,3025
3026,531
3027,3026
3028,3027
3029,876
3030,3029
3031,3029
3032,179
3033,3025
3045,3033
3045,3034
3035,3033
3037,180
3037,3036
3037,875
3038,874
3039,3038
3040,3039
3041,3039
3042,3041
3043,3041
3046,3043
3047,3046
3047,3044
3045,3038
3046,3038
3047,927
3048,3043
3049,3048
3052,3049
3057,3052
3060,3057
3060,3049
3050,3044
3051,3050
3052,3044
3055,3053
3055,3054
3130,3055
3130,3056
3057,3056
3062,3057
3067,3062
3067,3058
3059,3058
3060,3058
3061,3055
3062,3056
3063,3056
3064,3063
3065,3063
3066,3065
3067,3065
3068,3065
3069,2632
3070,415
3071,882
3072,883
3073,1878
3075,3074
3075,859
3078,3076
3077,2989
3079,3078
3079,181
3080,2612
3081,2628
3082,2661
3083,3081
3084,852
3128,3085
3086,2669
3087,887
3088,578
3089,583
3090,584
3091,2706
3092,2706
3093,2710
3094,572
3095,910
3096,630
3097,2727
3098,2766
3099,1912
3100,2799
3101,2870
3102,3101
3103,2806
3104,2806
3105,908
3106,2876
3107,182
3108,881
3109,2857
3110,2884
3111,183
3111,738
3112,745
3151,3113
4308,3114
4308,3115
3116,746
3117,1913
3117,1914
3119,2993
3120,847
3121,849
3122,184
3123,879
3123,850
3124,850
3125,2976
3126,3005
3128,3127
3129,3016
3130,3057
3131,931
3132,185
3133,3132
3135,2446
3157,186
4303,3136
3148,3137
3138,1895
3139,1895
3147,3141
3147,3142
4311,3143
3159,3115
3144,3139
3145,451
3146,450
4483,2942
3161,419
3155,3147
3148,455
3149,455
3150,3136
4333,3136
3153,3151
3161,3152
4326,1903
4301,1903
4326,3153
3162,456
4318,3154
4331,3155
4331,3156
4315,3163
3813,3163
3157,2106
3158,3157
3440,2911
3482,3159
3482,3160
4332,3156
3768,3161
3768,187
3162,462
4348,3163
4349,3164
4347,3165
4349,4320
4320,3797
4328,3166
4328,3167
4328,3168
4314,3481
4325,3481
3169,930
3171,188
3172,1044
3173,932
3174,3173
3184,3174
3176,948
3177,941
3178,3177
3179,3178
3180,3177
3181,3177
3190,3182
3189,943
3184,3183
3186,3185
3187,3186
3188,3187
3189,3188
3190,3189
3191,3173
3192,3174
3193,1047
3194,944
3195,944
3196,942
3197,947
3198,3171
3215,946
3202,960
3205,962
3205,960
3206,3205
3208,3207
3210,3197
3211,970
3212,3211
3213,3212
3214,967
3214,966
3215,189
3219,3218
3220,3218
3222,192
3223,193
3224,194
3226,3225
3227,1169
3228,3227
3229,3227
3231,196
3243,1145
3231,3230
3231,197
3235,1134
3235,3232
4366,3233
3234,1138
4366,1137
3235,1132
3236,1136
3237,1139
3238,3237
3239,3238
3243,3240
3242,1143
3243,1128
3248,3244
3245,3244
3246,3244
3252,3247
3248,3246
3249,3248
3250,3249
3251,3249
3252,3246
4364,3253
3254,1184
3255,198
3256,3255
3257,3256
3258,3252
3259,1166
3260,3259
3316,3261
3316,3262
3316,1150
3263,1212
3265,1158
3266,199
3267,1157
3269,3267
3268,3267
3269,3268
3270,3269
3271,3268
3272,3271
3273,3272
3274,3271
3279,3275
3276,3275
3278,3275
3282,3278
3282,3277
3278,3277
3280,3277
3280,3279
3280,200
3281,200
3282,3281
3283,3281
3284,200
3286,3285
3286,1175
3287,1175
3288,1178
3290,1171
3290,3289
4365,3290
3291,3286
3292,3291
3293,3291
3294,201
3952,3296
3295,202
4362,4354
4355,4354
4355,3297
3298,3297
3299,3298
4354,3300
3303,3301
3302,3301
4341,3301
4341,3303
4341,3304
4342,4341
4350,4342
4350,3305
3306,3305
3360,3299
4356,3297
4356,3307
3312,3307
3312,3308
3311,3308
3311,3309
3310,3309
4359,3309
4359,3311
3312,3311
4340,1180
4340,3313
3314,3313
4372,1156
3315,1152
3316,1161
3317,3261
3318,1185
4353,4340
3360,3319
3320,1188
3321,1194
3322,1195
3362,3330
3330,3323
3324,3323
3325,1196
3326,1197
3327,3326
3328,1198
3328,3326
3330,3329
3332,1199
3333,1246
3334,1246
3335,1201
3342,3335
3336,3323
3337,3336
3338,1215
3339,3338
3340,3338
3342,3340
3341,1211
3343,2019
3344,1236
3345,1268
3347,203
3348,1267
3349,1235
3350,1245
3353,1243
3353,3351
3352,1243
3353,3352
3354,3352
3355,1242
3356,2013
3357,3296
3358,1244
3359,2485
3360,3306
3361,1190
3362,1190
3363,3362
3364,1228
3365,1125
3368,205
3368,3366
3367,3366
3424,3368
3369,3366
3424,3370
3373,3370
3373,3371
3378,3371
3377,3376
3377,3372
3379,3372
3373,1122
3374,3373
3376,3375
3380,1093
3382,3378
3382,3379
3977,3379
3380,3371
3381,1104
3384,3382
3384,3381
3382,3381
3383,3376
3384,3383
3423,3385
3386,1086
3387,1087
3391,206
3420,3389
3389,3388
3389,1088
3390,3389
3391,1088
3420,3391
3392,1089
3393,3392
3394,1249
3395,3394
3402,3396
3397,1275
3398,1254
3398,3397
3398,1261
3399,1262
3400,3399
3401,3399
3402,1275
3403,3396
3404,3396
3406,3401
3405,1271
3406,3405
3407,1264
3408,3407
3409,3405
3414,1248
3411,1266
3412,3411
3418,3417
3414,3407
3415,1265
3416,3415
3421,3417
3421,3418
3424,3419
3420,1088
3421,3415
3423,1091
3424,3423
3443,3427
3429,3427
3429,3426
3442,3426
3442,3427
3443,3428
3429,285
3432,3430
3431,3430
3434,3431
3434,3432
3433,3432
3434,3433
3435,3433
3436,3435
3439,465
4343,3437
3798,3438
3844,3798
3439,466
3440,467
4318,3799
3441,3436
3442,3441
3443,3430
3444,207
3445,1338
3446,1341
3447,1334
3448,1069
3449,1312
3528,208
3450,208
3527,208
3452,1371
3538,3452
3453,209
3459,1345
3459,3454
3458,3455
3457,3456
3458,3457
3459,3458
3460,3459
3461,3460
3462,1351
3464,3463
3464,813
3465,210
3470,3465
3474,3470
3467,3466
3471,3467
3468,3467
3475,211
3469,212
3470,213
3471,214
3472,3466
3476,215
3476,3473
3474,3473
3475,3473
3476,3465
3478,3477
3479,3469
3490,3469
3531,3480
3601,3481
3734,3601
3736,3482
4344,3483
4344,471
4347,4334
4334,3484
4343,3687
3687,3485
3534,3486
3535,3486
3488,3486
3488,3487
3488,1364
3489,216
3490,3486
3491,3490
3533,3492
3493,217
3494,218
3495,219
3496,1368
3497,3496
3499,3498
3500,3498
3502,3501
3504,221
3504,3503
3504,222
3506,3505
3507,3505
3509,223
3509,3508
3509,3501
3515,3510
3540,3510
3511,3510
3541,3512
3543,3515
3513,224
3514,1373
3515,1374
3553,3516
3517,1378
3519,225
3520,3519
3521,3519
3522,226
3523,227
3524,228
3525,229
3526,230
3527,3450
3528,3450
3529,3452
3530,3477
3531,231
3533,3532
3533,3528
3534,3531
3535,3534
3536,232
3537,1370
3537,1369
3538,3537
3539,3538
3542,3540
3542,3541
3541,3540
3543,3542
3544,1372
3545,3544
3546,3545
3547,3545
3548,3544
3549,3548
3550,234
3550,235
3551,3550
3552,3551
3554,236
4524,3555
3556,1357
3557,237
4406,4400
4406,3558
3559,3558
4397,3559
4425,3559
4425,3560
4424,3560
4398,3779
3561,3558
3562,3561
3563,3562
3564,3562
3780,238
4423,3780
4442,4423
4437,3565
3566,3565
3567,3565
3567,346
4441,3568
3569,3568
3570,3569
3571,3570
4447,3571
4447,3572
4447,3573
3574,3571
3575,3569
4445,3569
3576,3570
3579,3577
3578,3577
4446,3577
3579,3576
4448,3580
4446,3580
3580,1406
3581,1953
3602,3582
3597,3582
3597,3586
3596,3586
3597,3596
3583,1446
3596,3583
3748,3584
3748,3594
3603,3585
3603,3586
3587,3582
3588,3582
3589,3588
3590,3589
3591,3589
3592,3591
3605,3604
3605,3593
3747,3594
3595,3594
3596,1446
3597,1446
3602,3598
3599,3598
3609,3599
3609,3600
4348,3813
3735,3601
3767,3735
4323,3736
3610,3600
3610,3602
3603,3594
3605,1929
3606,1929
3607,3599
3608,239
3609,239
3610,3609
3611,239
3623,3613
3623,3614
3623,3615
3616,1448
3619,3617
3618,3617
3619,1408
3621,240
3621,3620
3621,1407
3623,3622
3624,1409
3625,1453
3626,1452
4414,3627
3628,3627
3732,3629
3630,1464
3783,3631
3632,1535
3633,1535
3634,3633
3635,3634
3636,3635
3637,3636
3638,1468
3640,3639
3640,1470
3641,1469
3642,1494
3643,241
3644,1496
3645,3644
3646,3644
3647,1652
3648,3647
3649,1497
3650,3647
3651,242
3652,1643
3653,243
3654,1504
3655,1500
3656,1500
3657,1507
3658,1501
3659,1508
3660,244
3661,1490
3662,1482
3663,245
3664,246
3665,1514
3666,247
3667,1512
3668,1512
3669,1517
3670,1525
3671,1524
3672,3671
3673,3672
3674,3672
3675,1521
3677,3675
3677,3676
3677,1523
3678,1520
3679,1572
3680,1533
3681,248
3682,1532
3683,249
3684,250
3685,1536
3807,468
3769,3484
3688,3484
3769,3686
3688,3687
3688,3485
4478,3485
3689,268
3690,1539
3691,1576
3692,1577
3693,251
3694,252
3695,253
3726,254
3696,1550
3697,1550
3698,255
3699,256
3700,3699
3701,3699
3733,3702
3703,1462
3704,1578
3705,258
3706,259
3707,260
3708,261
3709,1554
3710,262
3711,1551
3711,263
3712,3711
3713,1645
3714,264
3749,3639
3749,3715
3749,3716
3717,265
3718,1642
3719,3650
3720,1488
3721,266
3722,3721
3723,3671
3724,267
3725,268
3726,268
3727,3726
3728,1536
3729,269
3730,270
3731,1549
3733,271
3767,3734
4323,4309
3807,3735
3804,3736
3804,3737
3876,3738
3739,3738
3874,3740
3742,272
3742,3741
3742,273
3743,3742
3744,1633
3745,3744
3746,3744
3747,3596
3748,3747
3749,274
3750,1556
3751,1476
3752,1505
3753,3752
3754,275
3755,3754
3756,1659
4451,3756
3761,3756
3764,3762
3764,3757
3758,3757
3764,3763
3763,3759
3760,3759
3761,3759
3762,3761
3879,3763
3764,1694
4443,3765
3766,276
3811,3767
3800,3799
3800,3768
3795,3769
3770,3733
3771,277
3772,3750
3773,278
3774,3773
3775,3773
3776,1644
3777,279
3778,280
3779,3560
3780,3604
3781,3619
3782,3611
3783,281
3784,3675
3785,1589
3786,1656
3787,282
3788,3787
3789,3787
3790,1592
3792,3791
3791,1608
3795,3794
3907,3795
3907,3796
4521,3798
3801,3799
3801,3800
3806,3801
3806,3802
3803,546
3804,477
4521,4003
4003,3844
3805,475
3806,283
4309,476
3810,3807
3811,3810
3941,3808
3941,3809
3906,3810
3906,3811
4309,548
3812,284
3965,3813
3818,285
3818,3814
3815,3814
3816,3791
3817,1615
3818,286
3819,3818
3820,3819
3821,3819
3822,3821
3823,3814
3824,3822
3828,3822
3830,1598
3830,3826
3829,3826
3840,3829
3840,3827
3828,1619
3829,1619
3832,3829
3832,3830
3831,3830
3832,3831
3833,1625
3834,287
3835,288
3836,1603
3837,3836
3838,3836
3839,1626
3840,1626
3872,3841
3842,3841
3847,3842
3843,3842
3848,3843
3965,3844
3845,289
4480,3812
3846,3812
3848,3847
3858,3847
3858,3848
3849,3848
3853,3849
3866,3849
3850,3849
3867,3850
3854,3850
3851,3843
3852,3851
3853,3851
3854,3853
3855,290
3856,291
3857,3856
3865,3857
3858,3841
3859,3856
3860,3859
3860,292
3863,3860
3863,3861
3862,3861
3871,3861
3871,3863
3864,3863
3868,3864
3868,3867
3865,3859
3865,3864
3869,3866
3867,3866
3868,3862
3869,3862
3872,3869
3870,293
3871,3870
3872,3870
3873,1629
3874,3873
3878,3874
3875,294
3877,3875
3878,3875
3878,3876
3877,3876
3878,3877
3879,3765
3880,3579
3881,1660
3882,1695
3883,3882
3884,3883
3885,3883
3885,295
3886,3765
3887,296
4451,3888
3889,3888
3890,1702
4452,3890
4451,3891
4451,3897
4450,3897
3897,3892
3899,3892
3899,3893
3894,3893
3895,3762
3901,3895
3901,3898
3898,3896
3897,3896
3902,3885
3902,3898
3899,3898
3900,1705
3901,3884
3902,3901
3903,297
3911,3904
4494,3904
4488,4456
4502,3905
3909,3905
4503,3905
4502,3910
4454,3910
3906,508
4478,3907
3941,3933
3933,3908
4455,3909
3910,3909
4475,3904
4458,3912
3913,3912
3914,1662
3915,3914
4463,1667
4463,3916
3917,3916
3918,1666
4467,3918
3919,3918
4463,3919
3920,3919
3921,3920
4490,3921
4490,4487
4457,3922
4458,3922
3923,3912
4471,3923
4472,4470
4474,3924
4474,3922
4472,4468
4469,3924
4477,3925
4489,1664
4477,4456
3947,3926
3973,3928
3928,3927
3928,1673
3930,3929
3931,3930
3977,3931
3939,3932
3939,3933
3939,3934
4527,3846
3935,3846
3936,3908
3937,3908
4480,3938
4480,3939
4480,3940
3941,3936
3942,298
4274,4272
4272,3943
3944,3943
3944,299
3945,3944
3946,3943
3949,300
4428,3949
3949,3948
3949,3917
3982,3950
3951,3950
3991,3983
3993,3991
4466,3984
3996,301
3997,3996
3997,3952
3994,3989
3989,3960
4357,3960
3995,3952
3953,3952
4017,3954
4028,4019
4028,4006
4006,4005
4005,4004
4025,4007
4006,3955
4014,4000
4014,3956
4014,3957
3958,3957
3959,3957
4015,3960
4025,4024
4024,3961
3962,1692
3963,3936
4071,3934
3964,3934
4066,3965
4066,3966
4010,3967
3968,302
3969,3968
4443,3970
4452,3971
3972,303
3973,1677
3974,1674
3975,1713
3976,304
3977,1680
3978,305
3979,1681
3980,1685
3981,3916
3982,3981
4473,3982
4473,3983
3984,3983
3985,3950
3986,3985
3987,1688
3988,3987
3989,3988
3990,3985
3991,3985
3992,3991
4466,3993
3994,3993
3995,3994
3996,3995
3997,306
3998,3987
3999,3998
4000,3998
4001,1715
4004,1690
4137,551
4060,4002
4526,762
4003,3966
4004,1716
4005,3954
4006,3954
4007,4005
4026,4007
4026,4008
4009,4008
4010,4008
4011,4010
4012,4011
4013,4011
4016,1718
4016,4014
4015,4014
4016,4012
4018,307
4017,1689
4018,4017
4019,4018
4028,4027
4020,4014
4021,1691
4027,4022
4023,4022
4024,4022
4025,3955
4026,4025
4027,3955
4029,1723
4030,1727
4031,1725
4038,4032
4033,4032
4035,4032
4035,4034
4035,4033
4036,4031
4037,4036
4038,4036
4039,4037
4040,308
4517,1733
4140,4105
4520,4049
4528,4041
4042,763
4529,4479
4529,4043
4044,4041
4053,4041
4045,757
4520,4114
4484,4086
4484,4082
4056,4046
4056,4047
4056,4048
4055,4049
4055,4050
4524,4051
4071,4052
4528,4052
4053,4052
4054,3964
4095,3964
4055,510
4056,309
4080,4053
4059,4057
4060,4059
4097,4080
4170,4058
4101,4059
4101,4060
4097,4061
4097,4062
4063,756
4064,310
4065,311
4122,552
4066,312
4067,312
4114,312
4068,759
4082,4069
4070,773
4095,4071
4072,313
4119,4069
4126,4069
4119,4073
4077,4074
4077,4075
4085,4076
4077,4064
4078,4064
4087,4079
4087,4080
4086,4081
4086,4082
4109,4083
4109,4099
4084,4072
4091,4072
4112,4085
4112,4086
4090,4087
4090,4088
4089,4075
4111,4075
4091,4090
4111,4091
4096,4092
4096,4093
4102,4088
4094,4088
4095,4062
4096,4062
4529,4068
4117,4068
4098,769
4099,4078
4141,4078
4100,4094
4108,4094
4152,4099
4137,4101
4108,4102
4103,4093
4104,4093
4122,4105
4106,4103
4107,4103
4131,4108
4131,4120
4163,776
4144,4109
4144,4110
4134,770
4118,4111
4132,4112
4113,4102
4129,314
4114,772
4120,4118
4115,315
4135,4116
4134,4117
4124,4118
4130,4124
4125,4119
4128,4125
4120,4115
4121,4115
4140,4122
4123,316
4141,4124
4181,4117
4126,4125
4161,4132
4161,4126
4127,767
4128,317
4172,774
4164,4128
4129,4121
4130,4121
4131,4129
4163,4132
4163,4133
4134,780
4135,777
4172,4137
4172,4138
4146,4130
4143,4130
4139,318
4181,4140
4142,4141
4152,4142
4143,4142
4146,4143
4150,4144
4150,4145
4158,4146
4158,4147
4148,319
4153,4149
4153,4150
4151,4147
4160,4147
4152,1964
4153,1964
4169,4154
4169,4155
4156,785
4167,4157
4167,4158
4159,4151
4160,4151
4164,4161
4162,4160
4163,1957
4164,1957
4165,320
4176,4166
4176,4167
4168,1979
4169,1979
4170,781
4171,321
4172,1963
4173,1960
4174,1960
4175,787
4176,1958
4177,1958
4178,4165
4179,4165
4180,1971
4197,4196
4203,4191
4181,322
4183,4182
4183,4155
4184,4155
4185,792
4186,791
4193,1995
4187,1995
4188,1978
4189,1978
4190,323
4198,4191
4199,324
4194,4192
4196,4193
4195,4194
4195,4192
4203,4196
4203,4197
4198,1990
4199,1990
4200,4190
4201,4190
4206,4193
4202,786
4212,4203
4207,4202
4209,4204
4205,325
4290,4199
4214,4207
4214,4208
4209,4185
4210,4185
4211,4206
4290,4212
4213,326
4219,4214
4219,4216
4243,4216
4215,796
4216,817
4217,795
4226,4218
4226,4219
4234,4220
4234,4221
4222,797
4223,799
4224,4215
4232,4225
4233,4232
4226,819
4227,327
4233,4228
4233,4229
4230,4217
4231,820
4232,4229
4233,822
4234,4228
4236,821
4237,4231
4238,4231
4240,4224
4241,4224
4242,4241
4241,4230
4242,4230
4243,823
4246,823
4247,4246
4247,4245
4246,4244
4247,4244
4247,824
4251,4242
4251,4249
4250,4245
4251,4245
4252,4250
4253,328
4254,3484
4255,1749
4256,1751
4257,4254
4258,4257
4258,1754
4259,4254
4259,4257
4260,4259
4261,4260
4262,4260
4263,329
4265,4264
4267,330
4267,1757
4268,1758
4269,1762
4270,3972
4271,4270
4272,4270
4274,4273
4275,331
4279,4276
4279,4277
4278,332
4281,4279
4280,333
4281,2580
4282,2580
4283,2576
4284,2576
4285,4283
4286,4283
4287,334
4288,4284
4289,2577
4290,813
4291,2498
4292,4291
4294,4293
4295,4294
4296,4293
4301,4299
4300,3164
4301,459
4338,4311
4338,4302
4303,458
4305,4304
4307,4304
4307,4305
4322,4306
4322,4307
4308,3152
4309,3152
4337,4310
4337,4311
4312,3166
4313,3166
4314,3166
4324,4315
4324,4316
4317,460
4318,461
4346,4319
4346,4320
4321,3162
4322,3440
4323,3159
4324,3439
4325,4314
4326,463
4327,4317
4328,4317
4329,4327
4330,4327
4336,4331
4336,4332
4334,335
4335,3160
4336,3160
4337,2911
4338,2911
4339,3313
4340,4339
4353,4341
4342,4339
4343,3797
4344,3167
4345,3167
4346,3437
4347,3437
4348,3438
4349,3438
4350,4339
4351,4350
4352,4351
4353,336
4354,337
4355,337
4356,337
4357,337
4358,337
4359,3308
4360,4359
4361,3310
4362,337
4363,3319
4364,1173
4364,1174
4365,1135
4366,4365
4369,338
4369,4367
4368,3256
4369,1160
4370,3365
4372,3272
4374,4372
4374,4373
4374,339
4378,4375
4376,340
4377,1214
4383,4378
4383,4379
4380,1223
4381,1224
4382,4381
4383,1214
4384,1415
4384,341
4442,342
4442,4424
4387,343
4387,4385
4386,4385
4387,4386
4426,4386
4426,4388
4389,4388
4390,4388
4391,4390
4405,4390
4405,4403
4399,4385
4399,4392
4393,4392
4426,4401
4401,4394
4395,4394
4396,4395
4398,4396
4434,4396
4434,4397
4398,4397
4431,4398
4399,4395
4400,4394
4433,4400
4433,4401
4402,4388
4403,4402
4404,4403
4405,4404
4406,4404
4407,1949
4408,1399
4409,1397
4409,4408
4410,1941
4411,4410
4411,4409
4412,1400
4413,1421
4415,4414
4415,1417
4417,1641
4418,1424
4419,4411
4420,3626
4422,1435
4422,4421
4422,1588
4423,344
4424,4423
4425,3561
4426,345
4427,4426
4428,4392
4429,4428
4430,4428
4431,4428
4432,4431
4433,4402
4434,4406
4435,346
4436,4435
4437,4436
4438,3567
4439,4436
4440,1406
4441,1406
4442,4441
4443,3573
4444,3579
4448,4445
4446,4445
4447,3576
4448,3568
4449,3971
4450,3761
4451,4450
4452,4451
4494,4453
4454,4453
4455,4454
4476,4455
4476,4456
4457,3911
4458,4457
4460,3913
4460,4459
4460,347
4461,3913
4471,4461
4462,3914
4463,1669
4464,1668
4488,4465
4465,3984
4466,4465
4467,1663
4467,1665
4468,3922
4469,4468
4470,4469
4471,4470
4472,3923
4473,3921
4475,4474
4475,4453
4476,3924
4477,4461
4478,3796
4479,3796
4527,4480
4527,4481
4482,542
4483,545
4484,761
4485,3940
4486,3940
4487,3925
4488,4487
4489,3925
4490,4489
4492,348
4493,348
4519,4493
4519,4494
4504,1740
4504,4495
4496,1738
4497,4496
4498,1739
4499,349
4501,1736
4501,4500
4501,1735
4502,1737
4503,1737
4504,4496
4505,1730
4506,1729
4507,1731
4512,4508
4512,4509
4510,4509
4511,4509
4517,4512
4513,1728
4514,4505
4517,4515
4516,4505
4517,1734
4518,4507
4520,3966
4521,4049
4522,758
4523,3802
4524,3802
4525,4058
4526,4058
4527,4486
4528,4486
4529,547
553,556
1104,3383
516,1149
1332,1340
1659,3969
407,1781
2268,2216
2280,2284
3792,3793
1846,4298
1833,2514
2481,1808
2032,372
2034,2293
2465,2395
2385,2195
2315,2323
2296,1819
1841,2061
3359,364
526,2564
4333,3165
498,1888
3264,502
2523,434
2673,2677
2677,2679
544,508
570,581
570,160
569,568
2697,570
586,2698
2694,575
579,567
581,580
586,585
1011,590
642,643
3100,717
736,2841
744,743
800,731
4238,4235
4248,798
1911,828
833,829
917,831
839,835
3289,839
3054,868
581,554
2759,2888
2156,930
931,380
950,956
3178,935
1053,936
3195,938
1274,938
1048,937
948,941
947,3210
963,3196
1041,3182
1052,946
1049,3176
949,933
1043,188
951,3175
4296,1043
959,1041
1042,3200
3203,960
3203,961
3202,946
970,2361
3204,982
3213,964
3201,965
3206,974
972,971
2348,972
2346,975
976,975
2352,972
2357,2363
2363,18
988,986
2366,993
2366,991
991,989
992,990
996,994
1001,994
596,1009
1274,3185
4295,3170
3198,1044
3175,933
1045,948
21,937
1050,1048
1051,1049
1080,1079
1080,31
1081,1080
1083,1082
2368,1083
1080,1084
1085,32
1090,1089
3385,1091
3395,1120
1115,3374
1121,1099
1100,35
1101,35
3370,3367
3367,3376
3419,3385
1141,1142
3365,37
3238,3237
3242,1144
1128,1144
3250,1146
1149,154
1170,715
1168,38
3226,3217
3226,1169
4210,1169
3119,1171
3293,4365
3279,1177
1179,1178
3297,1181
3279,1148
1199,1185
1186,3318
1190,1187
3322,1238
1217,1199
3336,3332
1219,1217
1219,1218
1220,43
1222,1220
1164,1222
1223,1216
2017,1226
1237,1230
1234,1233
1233,1232
1186,3347
2057,3347
1231,366
3409,1271
3397,3976
1253,44
3390,1261
3417,1086
1997,1269
3342,1205
1095,1099
1061,45
1285,45
3413,1307
1330,1075
1330,1087
1340,1341
1380,1314
3524,3523
3517,1380
1331,1323
1324,58
1331,1324
3445,1336
1357,1350
3217,61
1354,63
3493,1366
1360,3456
3451,1371
1385,67
1457,1637
1396,830
3298,1439
240,1407
1409,1450
3625,837
1943,1944
1452,1434
1651,1434
3679,1566
1552,1460
3629,1461
1473,1565
1474,1472
1506,1477
3752,1480
1537,1573
1568,1497
3650,1498
1508,1507
1521,1520
1571,1525
1578,1531
1572,1531
1534,248
248,73
1534,1535
1538,1537
1576,1577
75,1543
1550,80
1553,1549
1649,1645
1557,1556
1555,1531
3629,1462
1542,1518
87,1551
1580,695
3782,1407
1656,1605
1607,1594
1597,1616
1608,1595
3789,1606
3816,1614
3823,1617
3820,3823
3740,1634
1426,1427
4416,1587
3310,1692
1729,1728
4499,1739
1746,1328
1748,52
4255,4269
4266,4265
1808,1807
2220,361
1841,1842
1845,1844
2409,413
2457,1861
2214,1862
3118,1915
3583,3911
1990,1988
3357,3425
1394,1393
2050,2282
2316,2323
2461,2392
2148,2468
2124,2122
2123,403
2445,2145
2167,2097
2486,2418
2395,2182
2313,2462
2384,2194
2214,2415
2222,2221
2230,2229
2265,2267
2030,2029
374,375
2471,2330
2330,2315
2333,2336
2362,2359
985,2361
998,1001
1084,1083
2385,2382
2391,2111
2444,380
2494,2410
379,2426
2444,2406
2465,2464
2464,2394
2471,2383
2112,2391
2500,2497
2343,2297
2588,2575
2611,154
2614,520
3085,2665
2669,2670
561,160
2784,2707
896,2715
2726,2724
712,717
2792,1354
2825,716
2817,721
2875,2841
2882,2879
750,749
171,742
2931,865
2982,2981
3129,3127
3073,3024
3053,3052
2608,2692
4295,4297
3134,3132
3134,955
3154,3144
4293,3158
3183,954
3174,1054
3184,3185
3199,1041
3200,940
3207,942
3201,960
3205,3203
3204,3203
3209,3197
3216,715
3218,190
3221,191
3225,195
1127,1174
3242,3241
3261,3259
3300,3296
4362,3296
4341,3303
3337,3329
3331,3329
3337,1205
3346,1244
3354,1237
3351,3190
204,3183
3377,3375
3380,3378
1253,3392
3418,3411
3413,3417
3425,1999
3414,3410
2011,3422
3821,3426
3456,3457
3474,3466
3475,3490
3477,3471
3217,1354
3496,1304
3498,1315
220,1292
3527,3492
3501,3451
3505,233
3547,3543
3553,3551
3518,1376
3604,3591
3624,3622
3675,1519
3732,257
3783,1468
3726,3728
1632,3742
3750,1560
3781,3617
285,1596
3824,3820
3828,3825
3854,3857
4491,3947
3973,3930
3946,3375
4019,4028
1671,3398
3946,3375
1732,3612
766,478
4154,4136
4195,4207
4212,4206
4239,4229
4244,818
4250,4248
4264,4259
4264,4260
4274,3972
4294,1043
4305,3140
4478,3797
1155,4371
4375,4377
4408,1399
346,3567
764,4105
4519,4493
1722,4040
