node_id,lon,lat
0,12.506,41.875
1,12.47,41.904
2,12.471,41.881
3,0.147,49.516
4,7.376,48.092
5,4.352,48.964
6,30.386,38.056
7,4.33,52.201
8,15.632,44.134
9,35.481,38.729
10,39.045,39.601
11,26.099,40.728
12,29.956,40.757
13,19.404,40.546
14,19.452,41.315
15,24.914,41.128
16,-0.348,46.071
17,15.887,41.618
18,16.66,40.228
19,15.24,44.121
20,15.861,43.793
21,14.37,40.948
22,14.253,41.216
23,30.764,40.251
24,32.053,41.551
25,35.092,42.003
26,35.072,41.902
27,37.024,34.052
28,32.318,34.897
29,30.718,37.484
30,36.736,34.044
31,12.433,37.799
32,28.205,39.991
33,36.373,33.14
34,32.582,31.044
35,35.233,31.794
36,4.762,46.126
37,4.898,45.502
38,28.252,39.991
39,3.478,43.314
40,10.989,45.444
41,10.51,35.999
42,9.07,45.792
43,8.842,44.899
44,36.104,32.129
45,39.632,40.413
46,40.053,39.991
47,41.39,39.961
48,35.461,41.147
49,34.04,40.036
50,37.871,40.001
51,32.087,37.849
52,36.315,35.835
53,33.238,35.026
54,32.885,24.864
55,38.73,40.003
56,27.371,36.689
57,30.326,37.317
58,36.195,34.026
59,32.673,26.122
60,28.265,40.005
61,26.385,40.915
62,26.086,40.724
63,26.272,40.942
64,24.957,35.059
65,37.035,39.752
66,30.611,39.383
67,28.634,39.59
68,29.627,39.196
69,-9.158,38.682
70,-2.939,35.268
71,-0.442,51.698
72,-1.112,51.451
73,-2.446,53.275
74,-2.656,51.491
75,-3.684,50.498
76,-3.593,53.271
77,-3.94,56.196
78,-3.874,56.251
79,-3.931,56.119
80,-4.083,55.835
81,-2.948,55.024
82,-3.529,54.479
83,-1.823,53.925
84,-2.28,52.568
85,0.61,52.09
86,-3.619,51.497
87,-3.066,55.934
88,27.197,38.24
89,27.327,37.941
90,9.527,34.088
91,-2.521,54.985
92,-2.473,51.755
93,9.154,34.137
94,7.984,35.677
95,10.8,35.755
96,35.444,30.365
97,30.874,27.811
98,36.821,31.86
99,10.022,34.072
100,6.573,36.025
101,7.676,36.014
102,-5.978,35.592
103,0.995,35.993
104,0.189,36.01
105,3.913,36.911
106,37.144,36.432
107,36.66,37.11
108,12.569,41.927
109,12.523,41.888
110,13.173,41.883
111,13.175,41.997
112,12.759,42.039
113,5.527,49.556
114,5.958,49.475
115,2.998,47.287
116,-8.168,37.864
117,8.275,34.027
118,4.607,36.126
119,5.424,36.153
120,38.125,39.387
121,22.409,39.631
122,32.819,39.68
123,21.003,39.71
124,10.397,35.99
125,9.871,36.526
126,-4.246,42.439
127,12.485,41.954
128,12.321,42.039
129,12.206,42.039
130,12.296,41.755
131,12.083,42.039
132,13.125,41.452
133,12.684,41.951
134,12.761,41.454
135,12.602,41.86
136,12.577,41.991
137,12.494,41.91
138,12.044,42.005
139,12.098,41.997
140,12.632,41.784
141,17.987,40.138
142,17.999,40.048
143,15.863,39.605
144,12.759,41.919
145,12.731,41.891
146,13.15,41.885
147,12.803,41.96
148,12.954,41.586
149,12.624,41.996
150,12.563,41.618
151,12.624,41.557
152,2.254,49.612
153,5.382,46.058
154,7.377,46.217
155,-4.456,48.386
156,-4.232,48.448
157,9.461,45.789
158,8.815,46.161
159,13.802,47.61
160,11.933,46.006
161,13.651,45.071
162,17.733,42.833
163,16.556,45.254
164,13.621,45.316
165,13.66,45.298
166,24.225,41.81
167,28.12,45.401
168,22.691,46.201
169,22.898,46.477
170,23.42,46.624
171,22.679,45.714
172,23.662,45.904
173,21.617,45.459
174,23.112,45.366
175,35.783,36.755
176,11.056,48.079
177,8.664,50.425
178,8.563,50.266
179,8.492,49.754
180,9.125,48.286
181,2.883,46.281
182,25.04,43.701
183,21.552,45.097
184,-0.759,47.644
185,13.562,41.215
186,13.249,41.695
187,31.131,37.219
188,13.816,41.482
189,15.527,41.224
190,27.016,40.381
191,27.018,40.314
192,28.077,40.151
193,28.917,40.365
194,29.177,40.423
195,29.018,41.011
196,4.864,46.127
197,5.037,45.847
198,6.043,44.444
199,5.901,46.125
200,4.942,43.591
201,3.226,43.337
202,9.207,36.732
203,11.627,42.413
204,13.841,42.115
205,33.991,30.501
206,36.453,33.192
207,32.941,35.299
208,26.152,39.76
209,27.615,38.921
210,22.865,40.687
211,22.169,41.707
212,23.128,41.907
213,22.958,40.672
214,22.977,40.711
215,22.604,41.032
216,24.644,40.983
217,20.032,39.746
218,22.957,37.941
219,23.755,35.545
220,35.394,39.808
221,27.229,37.054
222,27.374,37.13
223,27.323,37.669
224,29.418,25.287
225,34.002,24.623
226,34.01,25.878
227,34.193,25.793
228,34.571,25.437
229,35.235,38.69
230,29.884,39.208
231,23.537,41.091
232,37.386,39.235
233,27.245,37.426
234,28.781,25.654
235,28.859,25.666
236,35.216,38.773
237,28.567,37.914
238,5.691,34.983
239,3.703,35.166
240,-0.612,34.956
241,-0.517,52.567
242,0.778,52.96
243,1.081,52.605
244,0.141,51.78
245,-0.651,52.244
246,-1.397,51.631
247,-1.588,50.936
248,-2.895,53.202
249,-3.984,52.202
250,-4.021,52.134
251,-3.896,53.026
252,-3.918,52.927
253,-3.655,52.881
254,-3.817,51.677
255,-3.213,55.271
256,-1.601,54.978
257,-1.526,54.747
258,-0.793,54.331
259,-2.502,54.117
260,-3.387,54.358
261,-2.874,54.486
262,-2.603,54.993
263,-1.996,55.77
264,-3.491,54.711
265,1.413,52.492
266,-1.032,51.131
267,1.74,50.935
268,-3.879,51.952
269,-3.168,51.495
270,-3.987,53.245
271,-0.873,54.141
272,27.844,27.401
273,27.842,27.003
274,-0.383,53.021
275,-3.516,52.497
276,23.437,37.75
277,-2.733,54.327
278,16.039,48.324
279,16.861,48.078
280,28.628,45.015
281,-1.932,53.488
282,9.678,33.009
283,30.751,37.877
284,22.892,37.912
285,14.336,30.023
286,15.821,29.047
287,21.526,32.845
288,21.628,32.916
289,23.528,37.928
290,9.184,41.379
291,8.457,39.056
292,8.552,39.675
293,8.435,39.874
294,24.296,29.709
295,9.204,35.865
296,8.659,35.579
297,10.378,36.012
298,30.839,28.411
299,34.741,28.403
300,6.084,36.026
301,7.184,37.074
302,9.197,34.065
303,32.567,29.958
304,35.501,32.1
305,35.318,31.926
306,7.551,36.998
307,6.688,36.121
308,-6.115,34.598
309,25.913,38.31
310,22.191,38.36
311,22.697,38.364
312,35.525,38.365
313,22.639,38.384
314,23.008,38.658
315,22.43,38.669
316,37.297,38.728
317,35.313,38.767
318,23.04,38.86
319,24.56,38.908
320,25.925,39.143
321,21.023,39.193
322,37.024,39.757
323,25.115,39.844
324,22.471,39.849
325,32.705,40.008
326,29.966,40.379
327,27.492,40.99
328,24.159,41.139
329,37.654,37.981
330,38.523,37.508
331,30.762,26.032
332,35.983,36.099
333,32.421,36.121
334,29.977,36.271
335,36.464,37.169
336,9.093,36.442
337,8.56,36.49
338,5.382,44.755
339,5.544,46.125
340,10.312,45.505
341,-8.474,40.634
342,5.695,34.579
343,5.687,35.959
344,5.696,34.643
345,5.688,35.73
346,7.014,35.947
347,5.304,36.002
348,3.7,36.163
349,2.851,36.758
350,12.578,41.518
351,12.58,41.515
352,12.433,41.77
353,12.467,41.842
354,12.413,41.798
355,12.454,41.628
356,12.507,41.582
357,12.511,41.578
358,12.528,41.574
359,12.589,41.788
360,12.57,41.807
361,12.574,41.894
362,12.533,41.908
363,12.525,41.898
364,12.518,41.999
365,12.472,41.923
366,12.468,41.937
367,12.344,41.814
368,12.348,41.819
369,12.469,41.877
370,12.258,41.773
371,12.278,41.753
372,12.46,41.902
373,12.411,41.889
374,12.232,41.919
375,12.2,41.918
376,12.462,41.888
377,12.422,41.711
378,12.761,41.953
379,12.64,41.94
380,13.005,42.019
381,12.71,41.885
382,12.871,41.838
383,12.634,41.858
384,12.807,41.815
385,12.845,41.792
386,12.884,41.778
387,12.919,41.766
388,12.965,41.752
389,12.868,41.748
390,12.797,41.767
391,12.793,41.767
392,12.689,41.789
393,12.629,41.754
394,12.719,41.679
395,12.767,41.642
396,12.795,41.62
397,12.893,41.544
398,12.951,41.499
399,12.658,41.457
400,12.639,41.577
401,12.619,41.742
402,12.628,41.755
403,13.164,41.725
404,36.232,36.409
405,35.33,36.55
406,35.562,36.738
407,12.474,41.666
408,12.437,41.696
409,12.39,41.68
410,12.694,41.889
411,12.467,41.899
412,12.722,41.954
413,13.002,42.019
414,0.239,48.846
415,0.108,48.601
416,3.24,48.203
417,4.055,48.322
418,2.321,48.974
419,31.138,36.909
420,36.214,36.675
421,0.673,49.164
422,2.564,49.347
423,4.0,49.272
424,4.124,49.23
425,4.197,49.223
426,4.09,49.309
427,3.983,49.284
428,3.213,49.953
429,3.265,49.417
430,3.061,49.523
431,2.687,49.633
432,3.114,49.889
433,2.799,49.686
434,1.051,49.449
435,0.672,49.534
436,2.352,49.871
437,2.267,49.917
438,3.265,49.984
439,4.103,50.781
440,3.21,50.192
441,2.571,50.768
442,2.633,50.823
443,2.924,50.835
444,3.253,50.841
445,2.34,48.989
446,1.796,50.453
447,2.267,49.927
448,2.285,48.816
449,3.255,49.862
450,35.983,36.898
451,30.681,36.898
452,35.486,36.735
453,35.65,36.934
454,35.36,36.974
455,29.657,36.917
456,30.553,36.981
457,29.921,37.021
458,36.149,37.02
459,29.533,37.007
460,29.767,37.104
461,30.715,37.11
462,30.5,37.22
463,29.515,37.136
464,30.494,37.253
465,34.863,37.406
466,34.859,37.442
467,33.475,37.454
468,30.066,37.565
469,34.844,37.506
470,32.428,37.743
471,29.408,37.514
472,28.572,38.333
473,34.591,37.531
474,29.115,37.82
475,32.3,37.873
476,31.925,37.883
477,32.067,37.846
478,38.489,37.505
479,30.051,37.584
480,5.677,50.851
481,5.925,51.963
482,6.979,50.828
483,6.608,50.367
484,6.572,50.336
485,6.52,50.284
486,7.882,49.963
487,8.059,48.695
488,8.128,48.749
489,8.18,48.789
490,8.398,48.939
491,6.178,49.128
492,5.608,48.666
493,5.873,48.676
494,5.359,49.895
495,5.297,49.692
496,5.5,49.946
497,6.349,50.464
498,6.949,50.944
499,4.273,47.164
500,3.54,47.785
501,3.452,46.889
502,6.163,46.205
503,3.642,45.788
504,5.348,47.907
505,5.762,47.601
506,7.525,47.68
507,7.497,48.117
508,30.313,37.949
509,34.598,37.822
510,36.501,38.306
511,8.542,47.96
512,8.484,48.275
513,6.018,47.246
514,6.648,46.793
515,7.758,47.552
516,6.852,46.466
517,6.644,46.517
518,3.116,46.261
519,3.076,45.797
520,3.077,45.79
521,2.299,48.867
522,3.56,47.872
523,1.653,49.199
524,3.069,49.401
525,4.715,50.582
526,3.732,50.324
527,5.627,48.227
528,7.731,48.176
529,6.555,46.757
530,5.863,51.841
531,8.439,49.317
532,8.092,48.896
533,13.993,48.321
534,14.254,48.307
535,14.256,48.313
536,14.216,48.267
537,13.999,48.156
538,14.291,48.241
539,15.306,48.227
540,15.627,48.217
541,29.594,37.833
542,32.937,38.074
543,32.575,37.999
544,30.204,38.102
545,33.018,38.078
546,32.511,37.844
547,37.179,38.194
548,31.562,37.911
549,33.979,38.381
550,34.681,37.983
551,30.207,38.114
552,37.907,38.365
553,12.731,45.68
554,13.034,46.741
555,13.498,46.803
556,13.395,45.749
557,13.262,46.125
558,13.181,46.239
559,13.044,46.636
560,13.175,46.347
561,12.458,45.519
562,13.422,45.737
563,13.828,45.613
564,13.897,45.606
565,13.603,45.88
566,8.961,47.587
567,10.345,47.729
568,10.695,47.55
569,10.689,47.102
570,11.355,46.462
571,10.899,47.815
572,11.591,47.982
573,9.686,46.352
574,9.805,46.445
575,9.42,46.308
576,9.523,47.145
577,9.737,47.479
578,10.357,47.745
579,10.931,47.89
580,11.415,47.239
581,11.677,46.766
582,13.753,47.081
583,14.032,47.064
584,14.108,46.899
585,13.514,47.366
586,13.105,47.783
587,15.296,44.111
588,15.594,44.044
589,15.694,44.024
590,15.961,43.998
591,15.692,44.196
592,15.694,44.375
593,15.297,45.18
594,15.296,44.831
595,15.776,43.826
596,16.504,43.542
597,16.624,43.618
598,17.201,43.872
599,17.237,43.821
600,17.228,43.805
601,16.993,43.515
602,16.742,43.629
603,17.534,43.213
604,17.902,43.145
605,18.119,43.206
606,18.762,43.927
607,18.936,43.793
608,19.074,44.201
609,18.087,43.955
610,16.028,43.976
611,16.36,44.204
612,16.635,44.563
613,16.825,45.202
614,18.069,45.181
615,18.162,45.158
616,18.806,45.261
617,18.405,45.006
618,18.534,45.108
619,18.851,44.929
620,16.191,43.925
621,16.204,44.031
622,16.557,43.582
623,17.907,42.802
624,18.191,42.645
625,18.237,42.628
626,18.472,42.785
627,18.761,43.512
628,18.802,43.596
629,18.429,42.772
630,18.982,42.766
631,18.69,42.749
632,18.227,42.584
633,17.235,43.951
634,17.437,44.072
635,17.444,44.089
636,17.682,44.225
637,16.832,43.84
638,16.9,44.32
639,17.166,44.36
640,17.182,44.779
641,17.25,45.14
642,16.665,44.787
643,16.747,45.217
644,14.471,47.475
645,15.25,47.418
646,15.413,47.065
647,16.162,46.425
648,17.191,46.97
649,17.25,46.702
650,18.283,46.107
651,14.285,45.948
652,14.499,46.053
653,14.996,45.915
654,15.1,45.864
655,16.28,46.128
656,18.82,45.849
657,18.495,46.828
658,18.643,47.761
659,18.656,47.743
660,19.009,47.611
661,19.044,47.591
662,19.022,47.548
663,19.02,47.46
664,18.706,46.391
665,18.79,46.356
666,18.898,47.329
667,16.182,46.33
668,16.569,46.859
669,17.436,47.154
670,17.924,47.153
671,17.883,47.734
672,18.1,47.667
673,18.141,47.752
674,18.059,47.515
675,18.619,47.482
676,18.032,47.111
677,18.298,47.303
678,18.451,47.162
679,18.242,46.954
680,18.393,47.094
681,18.116,46.341
682,17.419,45.907
683,16.377,45.488
684,16.373,45.499
685,15.637,46.432
686,15.876,46.424
687,15.57,46.25
688,15.397,46.359
689,14.925,45.008
690,16.294,45.382
691,17.122,45.46
692,15.69,46.626
693,14.539,47.223
694,14.433,47.043
695,17.275,47.884
696,16.611,47.675
697,16.694,47.234
698,17.62,47.704
699,16.565,47.404
700,16.585,47.703
701,15.672,44.095
702,17.042,44.461
703,19.096,44.436
704,19.155,44.534
705,19.974,44.946
706,20.789,44.631
707,21.231,44.721
708,21.311,44.503
709,21.432,44.289
710,21.354,44.206
711,21.355,44.132
712,24.753,42.142
713,25.272,42.211
714,27.319,42.368
715,27.506,42.406
716,24.468,43.676
717,24.74,42.629
718,24.703,43.238
719,24.599,43.619
720,25.382,43.589
721,25.582,43.612
722,27.666,44.169
723,24.316,45.388
724,28.505,45.269
725,29.047,45.112
726,19.237,44.552
727,20.425,44.804
728,19.331,44.201
729,21.198,42.603
730,21.831,43.205
731,22.031,42.923
732,21.894,43.316
733,22.231,43.553
734,22.906,43.801
735,21.198,42.593
736,22.774,44.512
737,22.652,44.609
738,21.572,45.244
739,21.474,45.021
740,21.333,44.819
741,20.377,44.844
742,22.956,45.897
743,23.179,45.925
744,23.488,46.042
745,23.581,46.089
746,23.889,46.431
747,23.714,46.77
748,23.761,46.69
749,23.607,46.783
750,23.335,47.26
751,22.965,45.612
752,23.009,45.874
753,23.578,45.993
754,23.853,45.926
755,19.269,44.854
756,31.029,38.333
757,30.504,38.235
758,32.705,38.171
759,36.452,38.367
760,28.227,38.48
761,34.779,38.082
762,34.007,38.148
763,34.473,38.224
764,38.028,38.269
765,39.251,38.671
766,38.371,38.409
767,30.593,38.753
768,30.64,38.298
769,36.163,38.508
770,35.893,38.628
771,38.343,38.502
772,35.604,38.658
773,35.105,38.373
774,30.565,38.766
775,30.085,39.388
776,33.959,38.593
777,37.932,38.816
778,38.343,39.214
779,35.468,38.757
780,35.578,38.794
781,31.59,39.187
782,37.391,39.245
783,30.514,38.945
784,38.374,39.41
785,33.594,39.042
786,32.858,39.931
787,36.094,39.22
788,36.582,39.894
789,36.981,39.744
790,31.609,39.385
791,34.773,39.815
792,30.47,39.803
793,34.791,39.829
794,31.695,40.736
795,31.157,40.837
796,32.06,40.772
797,32.589,40.877
798,35.052,40.987
799,26.403,40.904
800,21.659,42.157
801,19.528,40.656
802,19.66,41.063
803,19.563,40.863
804,19.586,40.721
805,20.012,40.32
806,20.232,40.015
807,19.763,40.759
808,19.824,41.041
809,20.08,41.101
810,19.832,40.886
811,21.348,41.002
812,22.943,40.622
813,22.559,40.507
814,19.495,41.311
815,19.624,41.156
816,22.141,40.757
817,33.268,40.837
818,32.682,41.219
819,34.813,40.958
820,25.577,41.081
821,25.219,41.132
822,25.107,41.111
823,33.782,41.384
824,33.938,41.499
825,34.205,41.524
826,34.651,41.609
827,22.607,40.72
828,23.855,40.903
829,-1.077,43.26
830,-1.094,41.736
831,-0.747,41.908
832,-3.222,42.622
833,-1.655,42.796
834,-1.062,43.737
835,2.721,41.791
836,2.133,41.352
837,1.223,41.115
838,1.933,41.481
839,2.989,43.183
840,0.609,43.637
841,0.14,44.057
842,0.559,43.035
843,1.467,44.111
844,0.616,43.613
845,0.64,43.943
846,1.436,43.613
847,0.679,44.19
848,-1.557,47.217
849,-1.409,47.018
850,-0.661,45.755
851,-1.063,47.223
852,-3.106,47.986
853,3.334,44.732
854,-0.084,44.537
855,0.524,44.654
856,0.455,44.862
857,-0.551,44.904
858,-0.165,45.047
859,2.897,46.849
860,2.937,47.441
861,1.99,46.089
862,1.52,46.619
863,1.482,46.61
864,2.899,47.37
865,0.663,47.429
866,0.683,47.4
867,11.068,48.72
868,10.874,48.388
869,10.418,48.495
870,11.118,47.868
871,11.392,48.057
872,10.923,48.379
873,10.961,48.331
874,9.189,48.8
875,9.42,48.645
876,8.746,50.253
877,10.44,48.438
878,10.411,48.544
879,-0.68,45.146
880,-0.559,47.465
881,22.724,42.284
882,1.318,47.62
883,1.902,47.927
884,0.181,49.14
885,4.391,52.148
886,8.641,49.173
887,8.829,47.97
888,-1.308,48.134
889,-3.176,48.045
890,13.998,48.173
891,14.373,46.68
892,13.676,45.743
893,14.344,45.37
894,9.532,46.834
895,10.877,48.374
896,14.156,45.322
897,18.241,43.85
898,18.472,43.859
899,19.249,44.082
900,19.139,44.279
901,18.676,45.571
902,19.607,44.962
903,18.52,45.261
904,19.308,43.788
905,16.356,45.435
906,14.456,46.862
907,19.294,44.82
908,27.939,44.722
909,23.842,43.725
910,19.508,42.06
911,21.544,41.996
912,22.173,45.483
913,23.521,46.158
914,21.161,42.535
915,19.631,42.002
916,21.977,41.531
917,-0.46,43.334
918,-2.29,42.429
919,-0.047,43.088
920,-0.629,44.871
921,0.62,41.609
922,2.414,41.532
923,1.443,43.587
924,-0.366,44.57
925,-1.265,43.961
926,11.798,48.861
927,9.871,48.548
928,10.988,48.186
929,8.297,50.025
930,13.1,41.253
931,13.382,42.095
932,13.954,41.439
933,13.972,41.229
934,14.052,40.847
935,14.105,40.83
936,14.254,41.078
937,14.369,41.038
938,14.789,41.132
939,15.308,41.356
940,15.321,41.36
941,14.261,40.847
942,15.367,40.632
943,14.993,41.813
944,15.157,41.184
945,15.087,41.25
946,15.423,41.048
947,15.016,40.426
948,14.465,40.754
949,13.783,41.234
950,13.859,41.13
951,14.198,41.115
952,14.07,41.241
953,14.064,41.248
954,13.563,42.065
955,13.243,41.298
956,14.054,40.862
957,14.063,40.818
958,14.879,40.645
959,15.744,41.576
960,15.615,41.316
961,16.672,41.115
962,15.808,40.963
963,15.405,40.571
964,15.902,40.284
965,15.875,41.612
966,16.205,40.853
967,15.81,40.817
968,15.776,40.362
969,15.772,40.613
970,15.619,40.078
971,17.381,40.881
972,17.956,40.634
973,18.468,40.08
974,16.844,40.641
975,16.855,41.069
976,17.298,40.949
977,18.429,39.992
978,18.373,39.994
979,18.081,39.998
980,17.388,40.459
981,17.083,40.558
982,16.855,41.122
983,16.302,39.183
984,15.972,39.976
985,16.303,39.698
986,16.261,39.16
987,16.127,39.044
988,16.268,38.908
989,17.129,39.062
990,16.094,38.675
991,16.59,38.828
992,15.928,38.495
993,15.895,38.426
994,15.042,38.13
995,15.044,38.146
996,14.266,38.008
997,14.257,37.994
998,13.849,37.973
999,13.527,38.094
1000,13.526,38.104
1001,15.092,37.509
1002,12.892,37.977
1003,16.409,44.533
1004,16.164,44.884
1005,16.4,45.046
1006,15.554,44.239
1007,15.2,44.247
1008,15.829,43.796
1009,16.02,43.669
1010,15.848,43.856
1011,15.805,44.099
1012,16.786,43.892
1013,17.633,43.064
1014,17.58,43.197
1015,17.302,43.489
1016,17.353,43.547
1017,17.223,43.414
1018,17.099,43.635
1019,17.328,43.597
1020,17.75,44.179
1021,17.912,44.203
1022,18.189,43.988
1023,18.287,43.839
1024,17.708,43.111
1025,18.533,43.15
1026,18.369,42.725
1027,18.241,42.752
1028,18.301,42.607
1029,18.433,42.624
1030,18.368,42.522
1031,18.412,42.737
1032,18.307,42.66
1033,18.731,43.768
1034,17.32,43.863
1035,17.566,43.941
1036,17.579,44.271
1037,17.479,44.563
1038,17.952,44.657
1039,17.873,44.241
1040,17.746,44.259
1041,15.238,41.777
1042,15.333,41.504
1043,13.689,41.495
1044,13.802,41.427
1045,14.37,40.625
1046,14.071,40.881
1047,14.502,41.217
1048,14.771,41.13
1049,14.8,40.907
1050,14.825,40.912
1051,14.661,40.743
1052,15.096,41.015
1053,14.283,41.147
1054,14.205,41.363
1055,14.071,41.255
1056,14.44,27.068
1057,31.545,41.2
1058,32.057,41.545
1059,35.098,42.009
1060,41.573,41.558
1061,39.654,40.028
1062,36.338,41.299
1063,37.511,41.028
1064,37.506,40.985
1065,37.101,34.307
1066,32.296,35.085
1067,32.324,35.054
1068,32.301,35.05
1069,34.127,35.502
1070,30.889,37.445
1071,37.076,34.271
1072,38.33,34.582
1073,37.266,35.771
1074,37.8,35.387
1075,38.768,35.654
1076,12.789,37.831
1077,12.796,37.825
1078,13.158,38.074
1079,13.354,38.131
1080,13.575,37.309
1081,14.359,36.988
1082,14.459,36.852
1083,15.28,37.075
1084,15.068,37.486
1085,27.928,40.354
1086,36.472,33.638
1087,36.665,33.648
1088,36.534,32.717
1089,36.681,32.498
1090,36.778,32.127
1091,32.767,30.992
1092,34.652,31.766
1093,35.095,31.54
1094,35.094,31.733
1095,35.217,31.786
1096,35.16,31.711
1097,34.888,31.621
1098,34.849,31.749
1099,35.222,31.794
1100,35.057,31.908
1101,35.455,31.869
1102,35.505,32.122
1103,35.449,32.037
1104,35.052,31.039
1105,34.77,32.076
1106,34.748,32.053
1107,34.732,31.921
1108,34.696,31.93
1109,34.744,31.875
1110,34.622,31.787
1111,34.589,31.664
1112,34.545,31.67
1113,34.684,31.648
1114,34.548,31.582
1115,34.906,31.587
1116,34.878,31.639
1117,34.856,31.676
1118,34.925,31.68
1119,34.891,31.942
1120,34.891,31.966
1121,34.986,31.851
1122,34.458,31.511
1123,34.433,31.531
1124,35.801,31.786
1125,4.895,44.95
1126,5.216,45.595
1127,4.895,44.93
1128,4.729,46.046
1129,4.865,45.566
1130,4.875,45.518
1131,4.671,44.49
1132,4.613,44.288
1133,4.606,44.557
1134,4.595,44.563
1135,4.469,44.585
1136,3.816,45.137
1137,3.74,44.836
1138,3.337,44.694
1139,4.083,45.6
1140,4.165,45.754
1141,4.87,45.519
1142,4.673,44.547
1143,4.091,46.002
1144,4.817,45.759
1145,4.845,45.785
1146,6.579,43.475
1147,6.079,44.039
1148,6.09,43.821
1149,7.079,46.102
1150,6.053,45.497
1151,5.927,45.716
1152,6.299,45.739
1153,6.386,45.667
1154,5.727,45.699
1155,5.614,45.575
1156,5.287,45.885
1157,5.851,45.931
1158,6.133,45.906
1159,5.945,45.568
1160,5.727,45.161
1161,6.414,45.043
1162,6.636,44.898
1163,5.736,45.198
1164,6.287,44.479
1165,6.368,44.526
1166,6.948,45.104
1167,6.074,46.124
1168,29.216,40.396
1169,29.676,40.475
1170,29.178,41.21
1171,3.436,43.668
1172,4.44,43.83
1173,4.813,44.133
1174,4.808,44.168
1175,4.52,43.753
1176,4.632,43.678
1177,5.021,43.64
1178,4.901,43.776
1179,4.703,43.766
1180,9.135,36.347
1181,9.116,36.337
1182,9.018,36.018
1183,9.131,36.344
1184,5.93,44.205
1185,10.393,43.799
1186,10.401,43.707
1187,12.833,45.763
1188,12.073,45.182
1189,12.102,45.352
1190,11.943,45.699
1191,12.1,45.423
1192,12.154,45.427
1193,12.044,45.063
1194,12.211,44.399
1195,12.205,44.287
1196,11.871,44.285
1197,11.497,44.432
1198,11.271,44.097
1199,9.91,44.163
1200,9.558,45.169
1201,10.69,45.155
1202,10.787,45.161
1203,9.707,45.048
1204,10.484,45.152
1205,10.988,45.437
1206,11.121,46.066
1207,11.153,46.079
1208,11.116,46.13
1209,9.764,45.183
1210,9.435,45.293
1211,10.019,45.138
1212,6.777,45.612
1213,7.317,45.74
1214,8.612,45.446
1215,9.16,45.183
1216,8.596,45.197
1217,8.85,44.445
1218,8.276,44.356
1219,8.835,44.882
1220,8.185,44.9
1221,7.879,44.68
1222,7.68,45.07
1223,8.407,45.328
1224,7.88,45.201
1225,10.569,36.423
1226,10.181,36.819
1227,11.282,43.806
1228,12.738,42.741
1229,12.632,42.552
1230,12.703,42.956
1231,12.512,42.518
1232,11.983,42.65
1233,12.019,42.871
1234,11.367,43.789
1235,12.82,42.226
1236,12.638,42.118
1237,13.023,43.845
1238,12.538,44.074
1239,13.854,42.194
1240,13.292,42.352
1241,13.098,42.41
1242,13.651,42.578
1243,13.962,42.585
1244,12.184,42.095
1245,13.804,42.1
1246,9.694,45.056
1247,5.943,44.198
1248,35.077,32.922
1249,34.815,32.198
1250,34.932,32.142
1251,35.266,32.22
1252,35.423,32.152
1253,36.332,32.381
1254,36.359,32.447
1255,35.54,32.535
1256,35.622,32.72
1257,35.627,32.676
1258,35.592,32.695
1259,35.609,32.611
1260,35.679,32.657
1261,36.108,32.624
1262,35.164,32.272
1263,34.944,32.432
1264,35.231,32.612
1265,35.622,32.9
1266,35.649,32.889
1267,12.228,42.234
1268,12.345,42.126
1269,10.853,36.572
1270,11.338,44.492
1271,34.9,32.502
1272,35.566,32.71
1273,8.453,44.313
1274,15.012,41.221
1275,35.504,32.505
1276,12.905,45.726
1277,39.196,40.001
1278,38.745,40.003
1279,38.768,40.036
1280,39.656,40.018
1281,39.599,39.998
1282,39.661,39.997
1283,39.693,39.996
1284,39.733,40.998
1285,39.622,40.805
1286,40.127,39.991
1287,42.251,39.976
1288,35.814,40.655
1289,35.815,40.636
1290,35.828,40.678
1291,36.065,40.407
1292,35.899,40.308
1293,35.769,41.026
1294,36.934,40.62
1295,36.627,40.382
1296,36.38,40.363
1297,36.558,40.353
1298,37.347,40.408
1299,36.951,40.609
1300,35.672,40.984
1301,36.844,40.644
1302,37.843,40.295
1303,38.088,40.176
1304,38.2,40.14
1305,38.675,40.055
1306,32.121,37.857
1307,36.038,34.566
1308,32.41,34.925
1309,32.411,34.932
1310,32.422,35.034
1311,32.994,35.199
1312,33.415,35.327
1313,33.48,24.92
1314,34.161,25.03
1315,38.776,39.94
1316,39.039,39.955
1317,27.844,37.852
1318,34.232,26.171
1319,30.342,37.316
1320,36.41,35.428
1321,36.741,35.663
1322,36.763,35.299
1323,37.103,35.136
1324,36.72,34.754
1325,36.757,35.162
1326,36.476,35.4
1327,36.414,35.424
1328,35.775,35.517
1329,37.519,35.809
1330,38.286,34.578
1331,37.987,34.632
1332,32.387,34.846
1333,33.311,35.148
1334,33.347,35.156
1335,33.725,35.253
1336,33.896,35.18
1337,33.49,35.245
1338,33.774,34.99
1339,33.846,35.063
1340,32.528,34.719
1341,33.629,34.929
1342,33.603,35.071
1343,32.87,25.916
1344,32.77,25.955
1345,27.226,39.14
1346,27.141,38.418
1347,27.073,38.6
1348,27.799,38.972
1349,27.87,38.839
1350,28.299,38.541
1351,28.095,38.612
1352,27.963,38.653
1353,26.123,40.844
1354,26.575,41.677
1355,20.776,39.171
1356,37.901,40.016
1357,29.412,38.676
1358,28.186,39.843
1359,28.208,40.002
1360,26.985,38.839
1361,27.541,38.43
1362,27.04,38.808
1363,27.993,38.48
1364,24.264,41.037
1365,24.772,41.079
1366,21.016,38.884
1367,24.982,35.106
1368,37.766,39.901
1369,27.444,38.011
1370,27.441,38.024
1371,27.336,38.168
1372,29.614,25.231
1373,29.303,25.599
1374,29.371,25.56
1375,35.299,24.053
1376,35.319,24.035
1377,35.475,23.908
1378,35.272,24.11
1379,34.441,24.681
1380,34.942,24.94
1381,34.962,24.929
1382,34.171,26.082
1383,34.061,26.156
1384,30.376,39.208
1385,30.006,39.434
1386,29.746,38.718
1387,33.091,25.831
1388,34.013,24.731
1389,34.244,26.155
1390,-6.483,42.58
1391,-5.96,42.49
1392,-6.435,42.635
1393,-5.299,42.474
1394,-5.657,43.543
1395,-3.318,42.543
1396,-5.459,42.075
1397,-8.68,39.353
1398,-8.185,39.338
1399,-9.017,39.048
1400,-5.016,37.616
1401,-4.836,37.827
1402,-6.295,36.529
1403,-7.571,43.011
1404,-8.65,42.045
1405,-8.658,42.745
1406,7.209,35.384
1407,0.23,35.1
1408,-0.708,34.95
1409,-1.332,34.886
1410,-6.157,38.941
1411,-6.084,37.42
1412,-6.071,37.563
1413,-6.409,38.304
1414,-7.969,38.519
1415,-6.406,39.463
1416,-5.779,38.871
1417,-5.077,37.267
1418,-5.969,37.414
1419,-5.916,36.188
1420,-6.208,36.439
1421,-5.412,36.195
1422,-5.797,37.01
1423,-8.551,42.778
1424,-4.411,36.725
1425,-4.57,37.013
1426,-3.445,39.274
1427,-3.619,40.181
1428,-0.883,41.64
1429,-3.078,38.943
1430,-2.37,38.985
1431,-3.086,37.589
1432,-3.796,37.995
1433,-3.768,38.035
1434,-3.144,37.301
1435,-3.776,38.805
1436,-2.953,38.598
1437,6.656,36.05
1438,7.726,36.052
1439,8.569,35.605
1440,8.7,35.544
1441,9.024,35.735
1442,9.021,35.724
1443,9.011,36.035
1444,8.477,35.541
1445,4.162,35.839
1446,4.544,35.698
1447,0.261,36.085
1448,-0.202,35.527
1449,1.077,36.076
1450,-1.42,35.238
1451,-1.456,35.239
1452,-0.998,37.606
1453,-0.697,38.253
1454,-0.99,38.723
1455,-6.652,42.628
1456,-5.919,42.429
1457,-5.586,41.57
1458,-1.466,53.882
1459,-1.297,53.88
1460,-1.084,53.957
1461,-1.019,53.967
1462,-0.744,54.02
1463,-0.542,53.732
1464,-0.545,53.499
1465,-0.542,53.685
1466,-1.596,53.024
1467,-1.817,52.649
1468,-1.478,52.939
1469,-1.49,52.566
1470,-1.068,52.766
1471,-0.531,53.22
1472,-0.525,53.242
1473,-0.534,53.303
1474,0.22,53.193
1475,-0.54,52.983
1476,-0.369,52.713
1477,-0.363,52.577
1478,-0.364,52.572
1479,0.507,52.949
1480,1.476,52.772
1481,-1.912,52.467
1482,-1.07,52.277
1483,-0.99,52.131
1484,-1.163,51.513
1485,-1.89,51.732
1486,-1.764,51.898
1487,-1.163,51.889
1488,-0.883,51.845
1489,-0.501,51.753
1490,-0.349,51.747
1491,-1.976,51.719
1492,-1.71,51.57
1493,-1.682,51.421
1494,-0.517,52.407
1495,-0.233,52.382
1496,-0.177,52.319
1497,0.133,52.223
1498,0.073,51.546
1499,0.748,51.874
1500,0.906,51.885
1501,0.72,51.848
1502,0.468,51.735
1503,0.556,51.88
1504,1.077,52.13
1505,0.732,52.649
1506,0.699,52.691
1507,0.928,51.894
1508,1.09,52.118
1509,1.306,52.571
1510,-1.073,51.374
1511,-1.08,51.346
1512,-2.054,50.825
1513,-1.483,51.224
1514,-1.325,51.067
1515,-1.224,50.908
1516,-1.375,50.911
1517,-0.787,50.831
1518,-1.806,51.092
1519,-0.532,50.946
1520,-0.408,51.091
1521,-0.142,51.453
1522,-0.087,51.5
1523,-0.06,51.471
1524,0.5,51.389
1525,1.082,51.279
1526,1.153,51.312
1527,1.222,51.332
1528,1.191,51.365
1529,1.323,51.295
1530,1.05,51.079
1531,-2.542,53.825
1532,-2.605,53.372
1533,-2.447,53.205
1534,-2.65,52.953
1535,-2.154,52.686
1536,-2.642,52.087
1537,-2.266,51.874
1538,-2.456,51.444
1539,-2.358,51.404
1540,-2.699,51.305
1541,-2.333,51.421
1542,-2.511,51.21
1543,-3.008,50.775
1544,-3.205,53.285
1545,-2.914,51.975
1546,-3.921,56.226
1547,-3.346,56.514
1548,-3.806,56.005
1549,-3.655,55.485
1550,-3.492,55.672
1551,-2.266,55.281
1552,-1.339,54.025
1553,-2.954,54.965
1554,-2.781,54.73
1555,-2.681,54.643
1556,-2.551,54.626
1557,-1.955,54.518
1558,-1.675,54.658
1559,-1.663,54.441
1560,-2.935,54.905
1561,-1.489,53.875
1562,-1.333,53.9
1563,-1.269,53.89
1564,-1.335,53.883
1565,-1.337,53.864
1566,-1.422,53.856
1567,-1.417,51.433
1568,0.278,52.416
1569,0.723,52.089
1570,-1.388,50.934
1571,1.276,51.285
1572,-2.651,53.558
1573,-2.425,51.891
1574,-2.635,52.668
1575,-3.217,51.486
1576,-2.68,51.008
1577,-2.42,50.724
1578,-1.825,53.924
1579,-0.764,54.155
1580,16.366,48.207
1581,27.343,38.171
1582,27.388,38.085
1583,27.388,38.237
1584,27.36,37.933
1585,27.373,37.898
1586,27.372,37.945
1587,-6.931,37.41
1588,-4.41,38.661
1589,9.029,33.723
1590,10.105,33.877
1591,10.005,34.096
1592,9.413,33.555
1593,10.188,33.796
1594,11.126,33.35
1595,12.289,31.937
1596,13.027,31.478
1597,14.286,32.641
1598,20.121,32.122
1599,20.997,32.652
1600,21.87,32.827
1601,21.916,32.806
1602,21.971,32.897
1603,22.082,32.805
1604,10.288,33.657
1605,10.359,33.663
1606,10.365,33.552
1607,11.696,33.074
1608,11.834,31.745
1609,13.055,32.11
1610,14.74,32.438
1611,14.562,32.464
1612,14.958,32.149
1613,14.824,32.257
1614,13.177,32.896
1615,13.361,32.811
1616,13.651,32.744
1617,15.034,31.937
1618,19.204,30.251
1619,20.296,30.754
1620,20.259,30.988
1621,20.24,31.308
1622,20.095,31.62
1623,20.111,32.068
1624,20.979,32.659
1625,21.339,32.77
1626,22.519,32.589
1627,23.96,32.08
1628,23.979,32.083
1629,23.962,32.042
1630,25.001,31.626
1631,23.653,32.097
1632,25.664,29.361
1633,26.53,29.638
1634,27.223,31.356
1635,28.63,30.977
1636,29.529,30.951
1637,-3.639,40.219
1638,-6.087,37.451
1639,-8.431,41.543
1640,-8.405,41.617
1641,-5.435,36.175
1642,0.851,52.294
1643,0.882,52.329
1644,16.356,48.199
1645,-1.693,54.719
1646,-4.934,38.059
1647,-5.342,38.262
1648,0.459,52.084
1649,-1.994,54.973
1650,-8.718,39.215
1651,-2.465,36.841
1652,0.018,51.9
1653,-0.154,51.52
1654,-0.08,51.519
1655,-1.292,52.491
1656,11.04,33.475
1657,9.574,34.064
1658,9.286,34.181
1659,8.817,34.439
1660,9.075,35.553
1661,7.896,35.75
1662,5.515,36.162
1663,5.641,36.271
1664,5.732,36.308
1665,5.734,36.296
1666,5.769,36.297
1667,5.683,36.141
1668,5.758,36.143
1669,5.908,36.142
1670,36.118,32.122
1671,35.91,31.947
1672,35.926,31.931
1673,35.792,31.702
1674,35.488,30.355
1675,35.485,30.248
1676,35.472,30.358
1677,35.766,31.558
1678,35.553,30.249
1679,35.577,30.547
1680,35.651,30.662
1681,31.383,27.921
1682,31.537,27.988
1683,35.466,30.055
1684,31.288,27.923
1685,36.801,32.023
1686,36.806,32.106
1687,35.51,30.196
1688,6.696,36.498
1689,6.644,36.358
1690,7.224,36.403
1691,7.651,36.213
1692,7.683,36.169
1693,8.994,36.033
1694,9.143,35.245
1695,9.573,35.398
1696,11.15,35.23
1697,11.162,35.227
1698,11.087,35.505
1699,11.071,35.5
1700,10.872,35.673
1701,10.819,35.706
1702,10.189,34.412
1703,10.981,35.364
1704,11.039,35.387
1705,10.76,35.432
1706,10.749,34.716
1707,10.641,35.813
1708,10.508,36.022
1709,29.5,30.898
1710,29.802,31.048
1711,29.891,31.185
1712,32.609,31.008
1713,35.769,31.016
1714,6.607,36.367
1715,7.125,36.416
1716,7.093,36.391
1717,7.098,36.395
1718,7.249,36.422
1719,7.245,36.416
1720,7.749,36.658
1721,7.735,36.791
1722,-5.84,35.644
1723,-5.802,35.772
1724,-5.94,35.737
1725,-6.487,34.33
1726,-6.851,33.964
1727,-5.922,35.504
1728,1.659,36.22
1729,2.224,36.253
1730,2.516,36.219
1731,2.425,36.418
1732,0.27,36.034
1733,0.542,36.244
1734,0.848,36.359
1735,4.131,36.893
1736,4.286,36.69
1737,4.303,36.691
1738,3.705,36.85
1739,3.414,36.765
1740,3.691,36.714
1741,4.037,36.72
1742,2.396,36.567
1743,2.454,36.365
1744,2.505,36.186
1745,36.038,36.006
1746,36.171,36.165
1747,36.182,36.201
1748,36.356,36.246
1749,36.859,36.144
1750,37.011,36.02
1751,36.856,36.462
1752,36.597,36.24
1753,37.005,36.736
1754,37.183,36.702
1755,37.278,36.695
1756,36.931,36.766
1757,37.887,37.386
1758,37.981,37.067
1759,38.689,37.134
1760,38.982,37.157
1761,39.069,36.864
1762,38.02,36.694
1763,38.142,36.016
1764,38.113,36.653
1765,33.059,28.118
1766,12.57,41.722
1767,12.564,41.731
1768,12.599,41.737
1769,12.571,41.745
1770,12.449,42.04
1771,12.553,41.546
1772,12.532,41.598
1773,12.496,41.613
1774,12.575,41.711
1775,12.573,41.715
1776,12.59,41.72
1777,12.588,41.727
1778,12.552,41.705
1779,12.585,41.699
1780,12.484,41.659
1781,12.434,41.646
1782,12.479,41.648
1783,12.553,41.568
1784,12.548,41.578
1785,12.535,41.566
1786,12.569,41.595
1787,12.541,41.603
1788,12.525,41.697
1789,12.509,41.874
1790,12.414,41.78
1791,12.398,41.795
1792,12.356,41.797
1793,12.421,41.713
1794,12.464,41.706
1795,12.516,41.719
1796,12.467,41.738
1797,12.45,41.747
1798,12.465,41.744
1799,12.435,41.766
1800,12.334,41.883
1801,12.354,41.927
1802,12.412,41.965
1803,12.409,41.984
1804,12.332,41.884
1805,12.233,41.884
1806,12.205,41.915
1807,12.57,41.822
1808,12.581,41.833
1809,12.566,41.918
1810,12.529,41.932
1811,12.531,41.908
1812,12.556,41.831
1813,12.428,41.938
1814,12.572,41.733
1815,12.571,41.759
1816,12.562,41.804
1817,12.565,41.811
1818,12.557,41.809
1819,12.554,41.821
1820,12.56,41.796
1821,12.538,41.792
1822,12.534,41.807
1823,12.544,41.779
1824,12.562,41.771
1825,12.56,41.787
1826,12.576,41.787
1827,12.557,41.759
1828,12.559,41.763
1829,12.499,41.765
1830,12.478,41.776
1831,12.482,41.789
1832,12.48,41.826
1833,12.477,41.849
1834,12.506,41.803
1835,12.483,41.806
1836,12.46,41.819
1837,12.453,41.825
1838,12.449,41.828
1839,12.458,41.813
1840,12.544,41.884
1841,12.541,41.892
1842,12.535,41.908
1843,12.568,41.918
1844,12.409,42.039
1845,12.484,41.992
1846,12.487,42.002
1847,12.464,42.039
1848,12.721,41.995
1849,12.785,41.964
1850,12.789,41.995
1851,12.805,41.963
1852,12.795,41.972
1853,12.939,41.984
1854,12.929,42.016
1855,13.102,42.037
1856,12.761,42.008
1857,12.779,41.986
1858,12.796,42.039
1859,12.763,41.945
1860,12.758,41.94
1861,12.78,41.938
1862,12.832,41.913
1863,6.546,50.306
1864,7.372,50.45
1865,6.667,49.76
1866,5.878,49.548
1867,7.085,50.744
1868,6.207,51.406
1869,6.581,51.584
1870,6.47,51.656
1871,6.323,49.563
1872,7.839,49.488
1873,8.366,49.64
1874,8.244,50.008
1875,8.2,50.19
1876,7.917,49.962
1877,8.1,49.739
1878,8.235,48.77
1879,5.393,48.652
1880,5.715,48.406
1881,5.386,49.167
1882,7.714,48.743
1883,7.759,48.598
1884,7.786,48.594
1885,7.925,48.454
1886,6.634,50.676
1887,6.694,50.946
1888,6.706,51.186
1889,6.37,50.923
1890,7.986,49.062
1891,3.785,50.319
1892,3.237,47.524
1893,3.046,46.609
1894,3.723,46.675
1895,30.619,36.856
1896,32.881,36.618
1897,31.602,36.698
1898,33.879,36.581
1899,34.641,36.805
1900,35.371,36.606
1901,30.043,36.903
1902,29.532,36.808
1903,29.393,36.942
1904,22.467,40.628
1905,22.208,40.501
1906,20.242,40.516
1907,22.157,42.153
1908,22.235,41.968
1909,22.371,42.191
1910,22.734,42.281
1911,23.078,42.121
1912,23.136,42.291
1913,-0.702,43.47
1914,-0.894,43.83
1915,-0.811,43.943
1916,-1.032,43.88
1917,-1.17,43.853
1918,-1.316,43.833
1919,2.316,41.579
1920,1.99,41.561
1921,2.143,41.626
1922,2.164,41.562
1923,2.026,41.51
1924,0.661,44.177
1925,0.27,44.218
1926,0.11,43.86
1927,5.13,35.092
1928,4.88,34.88
1929,5.134,34.692
1930,-4.826,37.848
1931,-5.405,37.68
1932,-5.145,37.509
1933,-5.341,37.667
1934,-5.38,37.495
1935,-6.03,37.459
1936,-5.861,37.559
1937,-5.688,37.454
1938,-5.388,37.655
1939,-5.875,37.59
1940,-6.015,37.509
1941,-8.304,39.446
1942,-8.018,39.468
1943,-7.155,39.026
1944,-6.378,38.906
1945,-6.009,38.199
1946,-6.402,37.446
1947,-6.655,37.692
1948,-4.9,38.695
1949,-7.868,37.991
1950,8.899,33.715
1951,7.92,33.864
1952,3.73,36.089
1953,5.444,36.091
1954,5.483,35.982
1955,26.53,39.128
1956,26.175,39.359
1957,34.174,39.136
1958,22.264,39.233
1959,22.747,39.386
1960,23.217,39.202
1961,23.262,39.301
1962,28.1,39.413
1963,30.013,39.195
1964,21.945,38.95
1965,22.925,39.363
1966,22.381,39.291
1967,23.052,39.327
1968,23.095,39.474
1969,22.943,39.362
1970,22.885,39.49
1971,37.61,39.24
1972,38.333,39.145
1973,22.076,39.512
1974,38.121,39.373
1975,30.015,39.339
1976,38.623,39.129
1977,21.874,39.342
1978,30.171,39.836
1979,30.892,39.153
1980,21.023,39.238
1981,21.644,39.461
1982,21.91,39.713
1983,21.752,39.553
1984,22.043,39.636
1985,22.068,39.584
1986,22.411,39.626
1987,22.403,39.344
1988,22.419,39.636
1989,22.279,39.733
1990,22.611,39.891
1991,32.796,39.685
1992,34.082,39.274
1993,22.205,39.6
1994,21.538,39.733
1995,21.544,39.822
1996,22.204,39.696
1997,10.56,36.811
1998,9.803,36.659
1999,9.83,36.823
2000,9.677,37.122
2001,10.237,36.258
2002,10.551,36.398
2003,10.569,36.398
2004,10.474,36.29
2005,10.385,36.24
2006,10.488,36.037
2007,10.439,36.301
2008,10.603,36.449
2009,10.32,36.73
2010,9.609,36.31
2011,9.896,36.392
2012,10.134,36.391
2013,9.634,36.398
2014,9.607,36.529
2015,9.604,36.645
2016,9.613,36.457
2017,9.993,36.714
2018,9.893,36.56
2019,12.704,42.55
2020,12.857,42.404
2021,31.082,24.619
2022,32.462,25.595
2023,33.901,24.844
2024,-4.033,43.428
2025,12.397,41.743
2026,12.361,41.783
2027,12.377,42.002
2028,12.513,41.858
2029,12.452,41.99
2030,12.399,42.011
2031,12.382,42.005
2032,12.428,41.899
2033,12.359,41.927
2034,12.431,41.89
2035,12.428,41.877
2036,12.421,41.851
2037,12.426,41.836
2038,12.422,41.81
2039,12.336,41.842
2040,12.281,41.835
2041,12.342,41.813
2042,12.319,42.026
2043,12.303,41.962
2044,12.329,41.965
2045,12.349,41.936
2046,12.116,41.972
2047,12.152,41.94
2048,12.161,41.973
2049,12.153,41.935
2050,12.166,41.997
2051,12.318,41.743
2052,12.194,41.866
2053,12.234,41.88
2054,12.099,41.957
2055,12.044,42.03
2056,12.108,42.012
2057,12.064,41.978
2058,12.048,41.958
2059,12.044,41.961
2060,12.103,41.932
2061,12.548,41.878
2062,12.504,41.731
2063,12.654,41.659
2064,12.658,41.646
2065,12.74,41.624
2066,12.806,41.611
2067,12.749,41.656
2068,12.726,41.674
2069,12.826,41.643
2070,12.86,41.645
2071,12.885,41.735
2072,12.884,41.739
2073,12.882,41.745
2074,12.85,41.753
2075,12.858,41.783
2076,12.803,41.818
2077,12.765,41.828
2078,12.781,41.824
2079,12.656,41.729
2080,12.636,41.553
2081,12.728,41.539
2082,12.733,41.538
2083,12.827,41.59
2084,12.926,41.57
2085,12.978,41.567
2086,12.954,41.553
2087,13.162,41.523
2088,13.168,41.522
2089,13.123,41.579
2090,13.085,41.604
2091,13.079,41.606
2092,13.036,41.654
2093,13.0,41.685
2094,12.957,41.71
2095,12.981,41.723
2096,12.952,41.744
2097,13.16,41.739
2098,13.14,41.729
2099,13.055,41.678
2100,13.042,41.742
2101,12.974,41.816
2102,12.959,41.891
2103,13.058,41.822
2104,13.124,41.827
2105,13.172,41.827
2106,13.193,41.836
2107,12.952,41.925
2108,12.965,41.909
2109,12.947,41.859
2110,12.887,41.896
2111,12.878,41.908
2112,12.839,41.886
2113,12.905,41.862
2114,12.902,41.828
2115,12.967,41.818
2116,12.912,41.824
2117,12.971,41.818
2118,13.004,41.743
2119,13.028,41.707
2120,13.022,41.69
2121,13.035,41.701
2122,13.125,41.73
2123,13.121,41.698
2124,13.094,41.71
2125,13.169,41.598
2126,13.092,41.67
2127,13.006,41.685
2128,12.93,41.678
2129,12.923,41.689
2130,12.922,41.7
2131,12.878,41.704
2132,12.879,41.721
2133,12.875,41.669
2134,12.892,41.648
2135,12.924,41.642
2136,12.899,41.693
2137,12.921,41.643
2138,13.005,41.633
2139,13.068,41.503
2140,13.152,41.526
2141,12.981,41.553
2142,12.989,41.573
2143,12.987,41.574
2144,13.031,41.605
2145,13.061,41.505
2146,13.106,41.474
2147,12.86,41.485
2148,12.842,41.542
2149,12.768,41.501
2150,12.779,41.513
2151,12.782,41.514
2152,12.758,41.514
2153,12.748,41.481
2154,12.746,41.478
2155,12.747,41.454
2156,12.667,41.457
2157,12.843,41.643
2158,12.851,41.683
2159,12.839,41.623
2160,12.863,41.613
2161,12.852,41.607
2162,12.974,41.568
2163,12.921,41.638
2164,13.007,41.62
2165,13.033,41.68
2166,13.15,41.744
2167,13.164,41.754
2168,13.171,41.758
2169,13.143,41.75
2170,13.143,41.824
2171,13.06,41.804
2172,13.002,41.726
2173,13.033,41.719
2174,12.917,41.773
2175,12.939,41.782
2176,12.918,41.767
2177,12.779,41.965
2178,12.757,41.964
2179,12.753,41.975
2180,12.704,41.89
2181,12.703,41.888
2182,12.774,41.891
2183,12.877,41.836
2184,12.83,41.781
2185,12.841,41.756
2186,12.85,41.741
2187,12.853,41.697
2188,12.854,41.696
2189,12.851,41.736
2190,12.787,41.692
2191,12.79,41.747
2192,12.771,41.77
2193,12.761,41.816
2194,12.736,41.805
2195,12.746,41.828
2196,12.722,41.728
2197,12.776,41.742
2198,12.71,41.738
2199,12.699,41.743
2200,12.687,41.751
2201,12.652,41.76
2202,12.634,41.759
2203,12.623,41.749
2204,12.65,41.76
2205,12.661,41.771
2206,12.664,41.763
2207,12.683,41.781
2208,12.684,41.753
2209,12.67,41.771
2210,12.665,41.791
2211,12.683,41.79
2212,12.697,41.737
2213,12.771,41.493
2214,12.835,41.925
2215,12.124,41.962
2216,12.505,41.913
2217,12.515,41.92
2218,12.569,41.948
2219,12.525,41.907
2220,12.571,41.902
2221,12.595,41.893
2222,12.591,41.904
2223,12.577,41.883
2224,12.581,41.868
2225,12.593,41.845
2226,12.567,41.872
2227,12.567,41.874
2228,12.564,41.884
2229,12.561,41.894
2230,12.56,41.9
2231,12.561,41.916
2232,12.579,41.875
2233,12.599,41.875
2234,12.517,41.829
2235,12.517,41.823
2236,12.513,41.815
2237,12.516,41.801
2238,12.515,41.792
2239,12.52,41.779
2240,12.528,41.77
2241,12.521,41.76
2242,12.543,41.707
2243,12.546,41.703
2244,12.539,41.671
2245,12.542,41.663
2246,12.535,41.619
2247,12.535,41.616
2248,12.54,41.611
2249,12.58,41.674
2250,12.574,41.685
2251,12.547,42.015
2252,12.549,42.016
2253,12.55,42.016
2254,12.552,41.99
2255,12.532,41.978
2256,12.538,41.979
2257,12.545,42.001
2258,12.505,41.974
2259,12.536,41.975
2260,12.537,41.962
2261,12.538,41.974
2262,12.538,41.947
2263,12.546,41.959
2264,12.557,41.942
2265,12.52,41.952
2266,12.509,41.942
2267,12.527,41.965
2268,12.497,41.917
2269,12.493,41.913
2270,12.509,41.937
2271,12.507,41.927
2272,12.507,41.785
2273,12.522,41.588
2274,12.515,41.593
2275,12.45,41.809
2276,12.458,41.812
2277,12.446,41.826
2278,12.083,41.998
2279,12.123,42.039
2280,12.099,41.99
2281,12.107,41.987
2282,12.122,42.005
2283,12.115,42.003
2284,12.092,41.992
2285,12.45,41.791
2286,12.593,41.784
2287,12.584,41.793
2288,12.13,41.936
2289,12.535,41.933
2290,12.482,41.662
2291,12.5,41.847
2292,12.443,41.964
2293,12.459,41.887
2294,12.111,42.01
2295,12.106,42.01
2296,12.501,41.872
2297,12.622,41.452
2298,12.614,41.461
2299,12.674,41.92
2300,12.673,41.92
2301,12.669,41.921
2302,12.684,41.917
2303,12.699,41.912
2304,12.726,41.923
2305,12.7,41.932
2306,12.707,41.907
2307,12.707,41.915
2308,12.713,41.902
2309,12.645,41.909
2310,12.725,41.892
2311,12.754,41.92
2312,12.698,41.888
2313,12.692,41.87
2314,12.67,41.849
2315,12.634,41.804
2316,12.628,41.787
2317,12.627,41.782
2318,12.635,41.749
2319,12.648,41.749
2320,12.652,41.741
2321,12.681,41.731
2322,12.639,41.783
2323,12.615,41.815
2324,12.614,41.857
2325,12.614,41.859
2326,12.614,41.863
2327,12.63,41.858
2328,12.62,41.852
2329,12.627,41.833
2330,12.641,41.82
2331,12.617,41.755
2332,12.649,41.696
2333,12.672,41.714
2334,12.66,41.726
2335,12.684,41.706
2336,12.679,41.715
2337,12.706,41.731
2338,12.704,41.7
2339,12.7,41.693
2340,12.697,41.673
2341,12.699,41.59
2342,12.703,41.551
2343,12.647,41.471
2344,12.727,41.531
2345,16.829,40.427
2346,17.065,40.568
2347,16.811,40.406
2348,17.639,40.496
2349,17.637,40.39
2350,17.669,40.302
2351,18.038,40.172
2352,18.304,40.211
2353,18.423,40.286
2354,18.057,40.055
2355,18.406,40.131
2356,16.295,38.874
2357,17.116,39.162
2358,17.212,39.012
2359,16.152,39.635
2360,15.823,39.713
2361,15.833,39.778
2362,16.446,39.692
2363,16.492,39.71
2364,16.267,39.602
2365,16.077,38.355
2366,16.231,38.212
2367,12.894,38.025
2368,14.8,37.053
2369,12.623,41.679
2370,12.651,41.683
2371,12.658,41.697
2372,12.762,41.615
2373,12.775,41.672
2374,12.776,41.68
2375,12.777,41.684
2376,12.779,41.686
2377,12.778,41.692
2378,12.722,41.677
2379,12.702,41.679
2380,12.726,41.693
2381,12.69,41.708
2382,12.701,41.797
2383,12.681,41.809
2384,12.717,41.791
2385,12.684,41.846
2386,12.732,41.912
2387,12.756,41.921
2388,12.757,41.924
2389,12.759,41.895
2390,12.769,41.902
2391,12.815,41.897
2392,12.746,41.835
2393,12.763,41.839
2394,12.769,41.843
2395,12.808,41.866
2396,12.871,41.819
2397,12.875,41.823
2398,12.877,41.826
2399,12.884,41.833
2400,12.89,41.832
2401,12.859,41.823
2402,12.84,41.824
2403,12.884,41.85
2404,12.866,41.85
2405,12.815,41.865
2406,13.159,41.898
2407,12.969,41.948
2408,12.941,41.983
2409,12.989,41.934
2410,12.935,41.964
2411,12.914,41.965
2412,12.893,41.964
2413,12.794,41.957
2414,12.803,41.964
2415,12.792,41.949
2416,12.808,41.96
2417,12.765,41.953
2418,12.634,41.939
2419,12.69,42.019
2420,12.746,42.022
2421,12.757,42.033
2422,12.762,42.01
2423,12.753,42.005
2424,12.674,42.002
2425,12.7,42.039
2426,12.711,41.99
2427,12.722,41.965
2428,12.702,41.55
2429,12.963,41.583
2430,12.975,41.568
2431,12.966,41.587
2432,12.957,41.595
2433,12.893,41.63
2434,12.909,41.706
2435,12.918,41.713
2436,12.915,41.739
2437,12.915,41.744
2438,12.943,41.739
2439,12.895,41.731
2440,12.914,41.719
2441,12.796,41.751
2442,12.637,41.776
2443,12.642,41.774
2444,13.101,41.924
2445,13.042,41.494
2446,13.001,41.461
2447,12.963,41.434
2448,12.943,41.505
2449,13.037,41.49
2450,12.699,41.588
2451,12.739,41.64
2452,12.881,41.752
2453,12.888,41.774
2454,12.781,41.917
2455,12.763,41.921
2456,12.79,41.913
2457,12.793,41.923
2458,12.792,41.912
2459,12.792,41.907
2460,12.727,41.886
2461,12.731,41.877
2462,12.706,41.874
2463,12.713,41.883
2464,12.759,41.859
2465,12.745,41.881
2466,12.784,41.681
2467,12.71,41.762
2468,12.897,41.579
2469,12.9,41.578
2470,12.827,41.595
2471,12.662,41.84
2472,12.652,41.849
2473,12.633,41.912
2474,12.633,41.532
2475,12.619,41.725
2476,12.618,41.731
2477,12.617,41.737
2478,12.599,41.743
2479,12.587,41.778
2480,12.616,41.756
2481,12.552,41.85
2482,12.554,41.975
2483,12.642,42.015
2484,12.114,41.947
2485,12.65,42.021
2486,12.648,41.974
2487,12.599,41.861
2488,12.615,41.837
2489,12.615,41.85
2490,12.67,41.878
2491,12.624,41.645
2492,12.825,41.946
2493,12.824,41.947
2494,12.942,41.952
2495,12.712,41.703
2496,12.67,41.717
2497,12.544,41.607
2498,12.656,41.647
2499,12.592,41.692
2500,12.576,41.655
2501,12.63,41.715
2502,12.623,41.76
2503,12.699,41.699
2504,12.749,41.511
2505,12.733,41.507
2506,12.677,41.665
2507,12.938,41.588
2508,12.571,41.568
2509,12.649,41.617
2510,12.585,41.579
2511,12.592,41.807
2512,12.62,41.788
2513,12.112,41.934
2514,12.495,41.86
2515,12.264,41.908
2516,12.563,41.547
2517,0.404,49.142
2518,0.474,49.355
2519,0.911,48.841
2520,1.313,48.748
2521,0.986,49.292
2522,0.351,49.042
2523,1.807,49.716
2524,2.05,49.438
2525,1.098,49.026
2526,1.068,48.393
2527,1.443,48.099
2528,1.42,48.425
2529,1.663,48.156
2530,1.767,48.208
2531,1.426,48.447
2532,2.101,48.422
2533,3.165,48.291
2534,4.431,48.585
2535,3.492,48.871
2536,4.371,48.978
2537,3.46,48.902
2538,2.838,48.968
2539,3.032,48.808
2540,2.458,49.234
2541,2.542,49.217
2542,2.227,50.649
2543,2.027,50.804
2544,1.579,50.735
2545,1.939,50.855
2546,2.457,50.813
2547,2.424,50.667
2548,2.861,50.728
2549,3.43,51.286
2550,3.475,50.822
2551,3.74,50.893
2552,4.178,50.923
2553,4.018,50.989
2554,3.445,50.862
2555,3.483,50.123
2556,3.619,50.089
2557,2.398,49.512
2558,2.266,49.655
2559,2.251,49.898
2560,2.814,50.117
2561,2.738,50.308
2562,2.71,50.656
2563,3.669,50.589
2564,3.37,50.626
2565,3.285,49.386
2566,5.595,49.675
2567,5.811,49.692
2568,5.762,49.783
2569,5.629,49.997
2570,5.099,50.3
2571,4.918,50.622
2572,4.948,50.807
2573,4.87,50.473
2574,4.58,50.79
2575,5.475,50.784
2576,29.695,36.231
2577,29.331,36.298
2578,29.237,36.622
2579,33.883,36.373
2580,33.363,36.154
2581,30.403,36.674
2582,33.907,36.364
2583,29.412,36.55
2584,36.191,36.49
2585,29.612,36.443
2586,33.917,36.374
2587,36.326,36.488
2588,5.377,50.398
2589,4.425,47.016
2590,4.814,47.358
2591,5.331,47.912
2592,4.443,47.604
2593,4.873,47.712
2594,6.422,47.863
2595,5.995,47.339
2596,6.82,47.46
2597,6.084,47.186
2598,5.804,47.21
2599,4.896,47.073
2600,5.402,47.07
2601,4.844,46.8
2602,3.404,46.35
2603,3.404,46.854
2604,3.112,46.282
2605,3.424,46.155
2606,3.954,46.493
2607,4.291,46.996
2608,8.247,47.505
2609,7.042,46.883
2610,7.326,47.114
2611,7.637,46.722
2612,8.371,46.552
2613,8.157,46.728
2614,3.689,45.827
2615,5.045,47.349
2616,3.715,50.808
2617,4.521,50.973
2618,8.156,49.597
2619,7.91,49.928
2620,5.949,48.22
2621,7.398,48.751
2622,8.136,48.827
2623,4.021,48.311
2624,-4.075,48.528
2625,-3.819,48.591
2626,-3.211,48.831
2627,-3.445,48.812
2628,-4.059,48.085
2629,-3.425,48.224
2630,-3.341,48.253
2631,-1.346,48.696
2632,-0.486,48.26
2633,-1.33,48.305
2634,-1.339,48.23
2635,-1.34,48.623
2636,-1.48,48.32
2637,-1.555,48.172
2638,-1.644,48.339
2639,-1.714,48.177
2640,-1.895,48.503
2641,-1.357,48.585
2642,-2.014,48.641
2643,-2.43,48.175
2644,-1.857,48.374
2645,-2.922,48.569
2646,-3.254,48.743
2647,-3.088,48.563
2648,-2.787,48.379
2649,-2.444,48.445
2650,-2.181,48.477
2651,-2.536,48.464
2652,-2.413,48.523
2653,-2.456,48.623
2654,-3.554,48.286
2655,-3.316,48.571
2656,-3.506,48.565
2657,-2.996,48.208
2658,-2.685,48.3
2659,-2.582,48.179
2660,-2.121,48.125
2661,-2.12,48.167
2662,-1.994,48.151
2663,-1.234,49.316
2664,-1.572,49.641
2665,12.544,48.258
2666,12.93,48.433
2667,13.004,48.289
2668,13.061,48.678
2669,12.198,48.605
2670,12.855,48.782
2671,13.421,48.577
2672,14.225,48.201
2673,14.309,48.233
2674,14.252,48.286
2675,14.229,48.26
2676,14.036,48.015
2677,14.758,48.13
2678,14.772,48.11
2679,15.166,48.186
2680,15.18,48.218
2681,15.608,48.215
2682,15.741,48.36
2683,16.068,48.321
2684,16.096,48.318
2685,16.033,48.337
2686,31.758,36.625
2687,15.57,48.403
2688,-4.456,48.623
2689,-3.464,48.729
2690,9.174,47.667
2691,8.966,47.971
2692,8.685,47.442
2693,9.648,47.433
2694,9.454,46.803
2695,9.445,46.149
2696,9.689,46.456
2697,10.529,46.918
2698,12.149,47.855
2699,11.089,47.59
2700,11.217,47.581
2701,11.171,47.533
2702,14.27,47.536
2703,13.748,48.064
2704,13.928,46.624
2705,14.213,46.615
2706,13.939,45.62
2707,13.808,45.504
2708,13.729,46.509
2709,13.625,46.226
2710,13.793,46.132
2711,13.645,46.472
2712,13.924,46.603
2713,10.741,47.222
2714,12.264,46.125
2715,13.784,45.1
2716,15.096,44.523
2717,15.471,44.607
2718,15.934,44.789
2719,16.369,44.555
2720,17.732,45.164
2721,17.817,42.841
2722,17.078,44.285
2723,14.997,47.345
2724,15.769,47.629
2725,17.256,47.623
2726,16.069,47.741
2727,16.047,47.466
2728,16.22,47.859
2729,16.306,48.09
2730,14.35,46.249
2731,14.546,46.104
2732,14.511,46.091
2733,14.379,46.675
2734,14.567,45.99
2735,14.241,45.89
2736,14.843,46.707
2737,15.039,46.572
2738,14.745,47.188
2739,15.886,45.824
2740,16.124,45.803
2741,16.762,45.497
2742,17.687,45.419
2743,15.423,45.503
2744,15.563,45.54
2745,15.488,45.429
2746,15.286,45.442
2747,14.468,45.333
2748,15.398,45.339
2749,17.231,45.617
2750,17.11,46.025
2751,17.363,46.067
2752,17.818,46.079
2753,16.977,45.832
2754,17.357,46.424
2755,18.067,46.383
2756,17.963,45.787
2757,18.175,46.077
2758,18.389,46.133
2759,18.712,46.087
2760,18.721,46.417
2761,18.771,46.459
2762,18.921,47.025
2763,18.847,47.16
2764,18.623,46.9
2765,18.377,46.578
2766,17.413,46.589
2767,18.191,47.032
2768,18.353,47.567
2769,18.474,47.39
2770,18.547,47.235
2771,18.826,47.472
2772,15.712,47.105
2773,15.912,47.094
2774,16.643,47.051
2775,16.898,47.119
2776,17.304,47.153
2777,18.388,47.591
2778,17.861,45.423
2779,16.818,45.497
2780,17.409,46.339
2781,15.258,46.238
2782,15.196,46.059
2783,15.487,45.935
2784,13.692,45.364
2785,13.741,45.361
2786,13.517,45.856
2787,13.478,46.071
2788,13.431,46.093
2789,25.395,43.005
2790,25.642,43.19
2791,26.541,42.466
2792,25.883,42.042
2793,25.662,42.407
2794,25.363,42.612
2795,27.628,42.593
2796,24.22,42.196
2797,24.447,43.683
2798,24.041,43.186
2799,25.324,43.219
2800,25.643,43.211
2801,26.927,43.297
2802,25.969,43.824
2803,27.439,43.288
2804,27.253,44.096
2805,28.638,44.167
2806,28.662,44.455
2807,28.543,44.386
2808,27.966,44.066
2809,28.439,43.378
2810,28.464,43.353
2811,27.913,43.189
2812,25.193,43.51
2813,25.148,43.561
2814,25.259,43.549
2815,25.325,43.337
2816,25.452,43.491
2817,25.642,43.248
2818,23.868,43.718
2819,28.577,45.03
2820,28.786,45.177
2821,29.046,45.022
2822,28.167,45.342
2823,28.524,44.983
2824,24.387,45.379
2825,24.341,45.253
2826,24.306,45.51
2827,27.259,46.031
2828,24.278,45.67
2829,19.733,44.719
2830,20.422,44.756
2831,21.121,44.165
2832,21.211,44.227
2833,21.061,44.691
2834,21.225,44.367
2835,21.337,44.392
2836,21.437,44.357
2837,21.985,44.013
2838,22.123,44.09
2839,22.312,43.836
2840,22.292,43.99
2841,22.891,43.986
2842,21.354,43.992
2843,21.327,43.938
2844,21.385,43.922
2845,21.617,43.59
2846,22.254,43.58
2847,19.636,43.85
2848,19.569,44.004
2849,20.026,43.824
2850,20.495,44.116
2851,20.787,43.895
2852,21.276,43.596
2853,20.442,43.887
2854,20.185,44.647
2855,19.907,44.27
2856,19.6,45.191
2857,20.839,42.921
2858,20.879,42.876
2859,19.681,43.387
2860,21.639,42.906
2861,21.819,43.195
2862,21.967,43.053
2863,22.282,43.004
2864,22.57,43.142
2865,22.008,43.287
2866,21.384,44.256
2867,21.735,44.208
2868,21.002,44.349
2869,22.061,43.918
2870,23.455,43.082
2871,23.543,43.184
2872,23.649,43.244
2873,23.399,43.519
2874,22.332,43.79
2875,22.629,44.177
2876,23.508,44.522
2877,23.107,44.94
2878,21.503,44.745
2879,22.169,44.438
2880,22.138,44.281
2881,21.734,44.429
2882,22.502,44.222
2883,21.687,44.455
2884,21.648,44.898
2885,22.397,44.688
2886,20.464,44.806
2887,22.805,46.144
2888,22.88,45.925
2889,22.964,46.006
2890,22.87,46.147
2891,22.943,46.198
2892,23.091,46.395
2893,22.731,46.422
2894,22.963,46.405
2895,23.75,46.58
2896,23.594,46.52
2897,23.732,46.81
2898,23.324,45.67
2899,23.754,45.937
2900,23.284,45.398
2901,23.748,46.852
2902,23.189,46.145
2903,29.346,36.367
2904,29.715,36.57
2905,29.387,36.681
2906,29.647,36.491
2907,33.928,36.514
2908,33.924,36.564
2909,34.138,36.453
2910,32.926,36.557
2911,33.17,37.182
2912,29.387,36.545
2913,29.314,36.351
2914,31.654,36.66
2915,29.131,36.623
2916,29.244,36.733
2917,30.06,36.497
2918,29.925,36.738
2919,32.745,36.691
2920,32.892,36.604
2921,31.736,36.701
2922,30.275,36.372
2923,30.415,36.671
2924,36.367,36.536
2925,29.374,36.684
2926,33.412,36.638
2927,0.114,43.228
2928,-2.764,47.657
2929,-2.118,47.615
2930,-1.669,48.114
2931,0.138,47.997
2932,29.828,36.65
2933,29.14,36.644
2934,29.197,36.813
2935,36.516,36.79
2936,28.705,36.706
2937,28.865,36.756
2938,31.721,36.708
2939,32.01,36.539
2940,31.515,36.772
2941,34.519,36.74
2942,34.874,36.904
2943,36.536,36.769
2944,28.75,36.77
2945,0.209,46.2
2946,0.309,46.188
2947,0.725,45.855
2948,0.425,45.353
2949,0.133,45.511
2950,-0.324,45.714
2951,-0.524,45.583
2952,-0.345,45.571
2953,-0.025,45.126
2954,-0.321,45.378
2955,0.14,45.777
2956,0.248,46.089
2957,-0.072,46.664
2958,0.324,46.579
2959,-0.514,47.001
2960,0.146,46.325
2961,1.21,45.843
2962,1.241,45.772
2963,1.306,45.806
2964,0.948,45.634
2965,1.312,45.794
2966,1.356,45.894
2967,2.265,45.557
2968,2.186,45.804
2969,2.11,46.007
2970,2.621,46.294
2971,2.419,46.779
2972,2.556,46.318
2973,2.545,46.584
2974,2.119,46.94
2975,2.049,47.244
2976,1.85,47.732
2977,1.912,47.88
2978,2.067,47.135
2979,1.899,47.854
2980,0.299,44.286
2981,0.66,44.425
2982,1.192,44.583
2983,1.484,44.872
2984,1.509,44.927
2985,1.48,44.933
2986,0.719,45.156
2987,1.721,45.307
2988,1.882,45.084
2989,3.069,45.789
2990,1.461,44.661
2991,1.691,44.753
2992,2.166,44.389
2993,1.677,43.758
2994,0.7,44.86
2995,0.673,45.192
2996,-0.037,45.059
2997,1.647,47.255
2998,1.598,46.998
2999,1.811,46.753
3000,2.16,46.566
3001,2.491,45.643
3002,2.355,45.299
3003,1.484,45.169
3004,1.514,45.43
3005,2.485,44.639
3006,3.0,45.053
3007,3.267,45.399
3008,3.294,44.708
3009,2.686,44.501
3010,2.487,45.819
3011,2.446,46.184
3012,11.138,48.078
3013,11.32,48.098
3014,11.221,48.145
3015,10.952,48.379
3016,10.998,48.37
3017,11.432,48.715
3018,10.92,48.669
3019,8.787,50.333
3020,8.83,50.428
3021,8.621,50.162
3022,9.114,49.899
3023,9.321,48.062
3024,8.781,48.284
3025,8.685,49.299
3026,8.57,49.316
3027,8.692,49.401
3028,9.416,49.414
3029,8.788,50.243
3030,8.971,50.22
3031,8.98,50.17
3032,8.842,49.9
3033,9.171,49.223
3034,9.495,49.202
3035,9.464,49.306
3036,9.678,48.534
3037,9.521,48.485
3038,9.187,48.818
3039,9.317,48.824
3040,9.299,48.832
3041,9.533,48.824
3042,9.615,48.878
3043,9.657,48.799
3044,10.156,48.681
3045,9.172,49.136
3046,9.634,48.713
3047,9.861,48.585
3048,10.095,48.838
3049,10.117,48.901
3050,10.221,48.539
3051,10.262,48.453
3052,10.336,48.856
3053,10.405,48.573
3054,10.783,48.643
3055,10.767,48.713
3056,10.947,48.949
3057,10.59,48.915
3058,10.562,49.047
3059,10.559,49.093
3060,10.461,49.026
3061,11.085,48.743
3062,10.972,49.011
3063,11.207,48.802
3064,11.207,48.791
3065,11.248,48.88
3066,11.471,48.819
3067,11.035,49.015
3068,11.358,48.944
3069,0.127,48.326
3070,-0.42,49.2
3071,1.298,48.066
3072,2.611,48.548
3073,8.708,48.885
3074,2.392,47.094
3075,3.139,47.047
3076,3.03,46.606
3077,2.725,46.217
3078,2.841,46.49
3079,3.057,46.45
3080,8.869,46.69
3081,-4.023,47.967
3082,-2.042,48.425
3083,-3.646,48.14
3084,-2.489,48.064
3085,12.148,48.173
3086,12.206,48.96
3087,8.695,48.166
3088,10.009,48.369
3089,14.401,47.165
3090,14.387,46.944
3091,14.269,45.863
3092,14.495,45.694
3093,14.43,46.148
3094,11.64,48.153
3095,18.692,42.533
3096,19.37,43.354
3097,16.609,47.241
3098,17.425,46.42
3099,24.147,42.225
3100,24.724,43.112
3101,23.781,43.1
3102,23.326,42.713
3103,28.831,44.897
3104,28.836,44.676
3105,28.328,44.537
3106,23.808,44.279
3107,26.119,46.024
3108,23.131,42.585
3109,20.78,43.728
3110,22.373,44.902
3111,21.751,45.401
3112,23.991,46.15
3113,28.309,36.848
3114,31.434,36.782
3115,31.56,36.881
3116,23.885,47.196
3117,-0.255,43.701
3118,-0.264,44.425
3119,2.507,44.36
3120,1.381,44.472
3121,-0.116,46.446
3122,-1.29,47.95
3123,-0.56,45.585
3124,-0.059,45.779
3125,1.656,47.297
3126,2.374,44.931
3127,11.954,48.449
3128,11.879,48.156
3129,11.327,48.326
3130,10.766,48.73
3131,13.425,42.116
3132,13.546,41.247
3133,13.574,41.261
3134,13.414,41.361
3135,13.045,41.505
3136,36.595,36.92
3137,29.817,36.752
3138,30.548,36.563
3139,30.694,36.881
3140,34.617,36.792
3141,32.395,36.534
3142,32.617,36.652
3143,33.479,36.681
3144,30.707,36.88
3145,30.406,36.681
3146,35.778,36.758
3147,32.491,36.868
3148,29.727,36.847
3149,29.809,37.038
3150,36.547,36.808
3151,28.645,36.822
3152,31.428,37.041
3153,29.154,36.937
3154,30.838,36.936
3155,32.487,36.91
3156,32.526,37.203
3157,13.338,41.71
3158,13.346,41.648
3159,31.792,37.115
3160,32.201,37.171
3161,31.166,36.94
3162,30.583,37.113
3163,35.346,36.984
3164,35.814,37.007
3165,36.42,37.176
3166,30.205,37.078
3167,29.799,37.374
3168,30.096,37.483
3169,13.083,41.239
3170,13.823,41.491
3171,13.755,41.424
3172,13.858,41.451
3173,14.033,41.483
3174,14.126,41.516
3175,13.951,41.131
3176,14.615,40.807
3177,14.253,41.045
3178,14.236,41.044
3179,14.191,41.044
3180,14.351,41.046
3181,14.251,41.065
3182,15.218,41.785
3183,14.102,41.783
3184,14.227,41.595
3185,14.533,41.45
3186,14.677,41.595
3187,14.878,41.755
3188,14.92,41.805
3189,14.938,41.832
3190,14.946,41.888
3191,14.065,41.337
3192,14.079,41.606
3193,14.322,41.327
3194,15.327,41.242
3195,15.013,41.058
3196,15.28,40.576
3197,15.34,40.395
3198,13.761,41.241
3199,15.823,41.843
3200,15.551,41.529
3201,15.987,41.404
3202,15.795,40.975
3203,16.048,41.23
3204,16.271,41.324
3205,15.855,41.009
3206,16.418,40.819
3207,15.776,40.625
3208,16.785,40.377
3209,15.608,40.367
3210,15.493,40.077
3211,15.791,40.082
3212,15.902,40.085
3213,16.649,40.23
3214,16.373,40.686
3215,15.548,41.209
3216,28.988,41.022
3217,27.917,40.977
3218,27.821,40.306
3219,27.883,40.386
3220,27.525,40.015
3221,27.592,40.213
3222,27.813,40.019
3223,29.044,40.214
3224,29.285,40.65
3225,29.62,41.165
3226,29.928,40.753
3227,29.568,40.59
3228,29.522,40.716
3229,29.636,40.681
3230,4.972,46.127
3231,4.944,46.104
3232,4.633,44.368
3233,3.488,44.515
3234,3.28,44.924
3235,4.523,44.44
3236,3.74,45.551
3237,4.042,45.74
3238,4.043,45.785
3239,4.078,46.041
3240,4.805,46.127
3241,4.856,45.526
3242,4.221,45.74
3243,4.766,46.028
3244,6.758,43.861
3245,6.82,43.95
3246,6.732,43.781
3247,6.124,43.919
3248,6.953,43.786
3249,7.109,43.721
3250,7.145,43.657
3251,7.271,43.721
3252,6.236,44.089
3253,5.46,44.615
3254,5.772,44.458
3255,6.085,44.561
3256,6.125,44.627
3257,6.192,44.571
3258,6.245,44.467
3259,7.0,45.132
3260,7.049,45.14
3261,6.646,45.195
3262,6.535,45.479
3263,6.658,45.936
3264,7.036,46.114
3265,6.23,46.123
3266,5.908,45.996
3267,5.83,45.935
3268,5.817,45.919
3269,5.806,45.96
3270,5.806,46.126
3271,5.7,45.747
3272,5.643,45.816
3273,5.637,46.126
3274,5.717,45.716
3275,5.353,43.372
3276,5.367,43.297
3277,5.236,43.446
3278,5.311,43.408
3279,5.442,43.524
3280,5.202,43.531
3281,4.951,43.468
3282,5.186,43.392
3283,4.936,43.432
3284,4.824,43.636
3285,4.614,43.69
3286,4.631,43.808
3287,4.386,43.836
3288,4.862,43.69
3289,3.887,43.64
3290,3.558,43.653
3291,4.63,43.815
3292,4.637,43.806
3293,4.567,43.926
3294,3.429,43.459
3295,9.249,36.768
3296,8.746,36.95
3297,8.7,36.18
3298,8.841,36.081
3299,9.002,36.069
3300,8.937,36.606
3301,9.09,36.477
3302,9.083,36.591
3303,9.151,36.494
3304,9.268,36.455
3305,9.243,36.424
3306,9.307,36.418
3307,8.361,36.234
3308,7.922,36.096
3309,7.974,36.273
3310,7.979,36.289
3311,7.935,36.133
3312,7.988,36.152
3313,9.153,36.366
3314,9.15,36.356
3315,6.373,45.662
3316,6.461,45.238
3317,6.822,45.044
3318,11.251,43.768
3319,9.453,36.513
3320,12.169,44.949
3321,12.515,44.092
3322,12.213,44.145
3323,11.129,44.718
3324,11.276,44.511
3325,11.389,43.982
3326,11.409,44.325
3327,11.368,44.483
3328,11.379,44.21
3329,11.485,45.243
3330,11.656,45.235
3331,11.105,45.422
3332,10.317,44.804
3333,9.72,44.789
3334,9.377,44.77
3335,10.653,45.251
3336,10.927,44.65
3337,11.027,44.749
3338,9.207,45.253
3339,9.195,45.458
3340,9.414,45.304
3341,10.506,44.921
3342,10.23,45.532
3343,12.743,42.578
3344,12.688,42.181
3345,12.389,43.105
3346,11.499,42.664
3347,11.587,42.353
3348,12.195,42.342
3349,12.861,42.224
3350,13.735,42.128
3351,14.216,42.466
3352,14.025,42.651
3353,14.13,42.537
3354,13.906,42.891
3355,13.716,42.655
3356,9.434,36.384
3357,9.844,37.261
3358,11.762,42.266
3359,12.626,42.101
3360,9.406,36.39
3361,11.913,45.809
3362,11.875,45.413
3363,11.548,45.56
3364,13.099,42.787
3365,5.576,45.316
3366,34.36,30.406
3367,34.913,30.704
3368,34.358,30.41
3369,34.595,30.153
3370,34.642,31.102
3371,35.018,31.225
3372,35.358,30.676
3373,34.79,31.25
3374,35.075,31.529
3375,35.136,30.223
3376,35.149,30.536
3377,35.282,30.436
3378,35.348,31.212
3379,35.462,31.035
3380,35.133,31.484
3381,35.26,31.014
3382,35.339,30.993
3383,35.23,30.823
3384,35.263,30.927
3385,33.819,31.118
3386,36.721,34.078
3387,37.022,34.077
3388,36.737,32.635
3389,36.661,32.677
3390,36.45,32.524
3391,36.554,32.804
3392,36.588,32.319
3393,36.698,32.127
3394,34.905,32.124
3395,34.928,32.118
3396,35.267,32.164
3397,35.598,32.468
3398,35.889,32.278
3399,35.191,32.286
3400,35.186,32.257
3401,35.294,32.46
3402,35.288,32.214
3403,35.264,32.122
3404,35.164,32.12
3405,35.144,32.614
3406,35.189,32.577
3407,35.284,32.754
3408,35.539,32.783
3409,35.087,32.905
3410,35.607,32.901
3411,35.773,32.878
3412,35.651,32.852
3413,35.523,33.901
3414,35.117,32.913
3415,35.69,33.249
3416,35.22,33.271
3417,36.309,33.512
3418,36.177,33.076
3419,34.387,31.45
3420,36.767,32.746
3421,35.784,33.203
3422,10.18,36.796
3423,34.152,30.819
3424,34.423,30.881
3425,10.313,36.847
3426,15.37,28.254
3427,14.272,27.55
3428,12.811,28.441
3429,14.354,28.791
3430,13.282,26.545
3431,13.666,26.641
3432,13.558,25.97
3433,13.914,25.918
3434,13.733,26.258
3435,13.967,25.951
3436,15.137,26.16
3437,36.363,37.401
3438,35.822,37.406
3439,35.148,37.123
3440,33.855,37.115
3441,14.925,27.278
3442,15.123,27.731
3443,13.216,27.56
3444,33.053,35.315
3445,33.943,35.118
3446,33.413,35.019
3447,33.321,35.336
3448,34.453,35.65
3449,33.735,35.395
3450,26.335,39.841
3451,27.14,38.409
3452,27.741,38.14
3453,27.849,38.897
3454,27.871,40.018
3455,27.587,40.028
3456,27.185,39.128
3457,26.938,39.5
3458,26.974,39.527
3459,27.573,39.618
3460,27.91,39.606
3461,27.556,39.178
3462,28.142,38.667
3463,22.599,40.738
3464,22.485,40.553
3465,22.733,40.933
3466,23.071,41.261
3467,23.358,40.99
3468,23.459,41.115
3469,23.552,41.885
3470,22.908,40.844
3471,23.365,40.984
3472,23.354,41.272
3473,22.745,41.167
3474,22.767,41.179
3475,22.648,41.45
3476,22.722,41.094
3477,23.907,40.787
3478,24.395,40.936
3479,23.553,41.922
3480,23.955,40.99
3481,30.313,37.318
3482,32.19,37.182
3483,29.919,37.6
3484,36.966,37.569
3485,36.415,37.605
3486,24.056,41.113
3487,24.765,41.088
3488,24.243,41.089
3489,25.074,41.112
3490,23.788,41.602
3491,24.157,41.93
3492,26.715,39.567
3493,20.734,39.006
3494,23.006,37.912
3495,23.766,35.665
3496,38.233,39.871
3497,38.544,39.509
3498,38.947,39.773
3499,38.9,39.942
3500,39.027,39.673
3501,27.354,37.941
3502,27.364,37.935
3503,27.818,37.412
3504,27.463,37.076
3505,27.275,37.507
3506,27.585,37.277
3507,27.213,37.626
3508,27.533,37.852
3509,27.41,37.751
3510,30.437,25.731
3511,30.391,25.781
3512,30.7,26.097
3513,29.515,25.274
3514,30.03,26.076
3515,30.015,25.62
3516,29.415,25.375
3517,35.364,24.146
3518,35.469,23.913
3519,34.18,24.661
3520,34.124,24.593
3521,34.28,24.705
3522,34.154,26.071
3523,34.382,25.935
3524,34.647,25.505
3525,35.257,38.628
3526,29.843,39.332
3527,26.446,39.582
3528,26.326,40.008
3529,28.083,38.461
3530,24.356,40.957
3531,23.927,41.043
3532,27.056,40.381
3533,26.418,40.13
3534,23.959,41.067
3535,24.108,41.043
3536,37.238,39.111
3537,27.464,38.018
3538,27.733,38.08
3539,27.744,38.085
3540,30.55,25.724
3541,30.624,25.691
3542,30.552,25.477
3543,30.549,25.443
3544,30.608,24.667
3545,30.602,24.698
3546,30.622,24.705
3547,30.579,24.787
3548,30.614,24.546
3549,30.611,24.476
3550,28.871,25.687
3551,28.886,25.696
3552,28.881,25.703
3553,28.981,25.483
3554,35.265,38.801
3555,31.39,38.393
3556,29.681,38.507
3557,29.232,37.633
3558,6.159,35.433
3559,6.345,35.444
3560,6.442,35.321
3561,5.936,35.241
3562,5.737,35.075
3563,5.693,35.081
3564,5.693,35.024
3565,7.292,36.042
3566,7.279,36.052
3567,7.079,36.024
3568,7.137,34.529
3569,7.533,34.426
3570,7.583,34.448
3571,7.639,34.465
3572,8.271,35.126
3573,8.604,34.961
3574,8.793,34.4
3575,7.594,34.384
3576,7.734,34.911
3577,7.958,35.325
3578,7.866,35.333
3579,8.167,35.368
3580,7.488,35.269
3581,5.481,36.075
3582,5.273,35.401
3583,4.664,35.997
3584,5.262,36.149
3585,5.486,35.774
3586,5.307,35.714
3587,5.49,35.569
3588,5.369,35.216
3589,5.486,35.204
3590,5.496,35.204
3591,5.491,35.146
3592,5.497,35.149
3593,5.504,34.707
3594,5.401,35.867
3595,5.485,35.847
3596,5.009,35.661
3597,5.091,35.557
3598,4.536,34.896
3599,4.096,34.682
3600,4.144,35.419
3601,30.529,37.477
3602,4.746,35.345
3603,5.4,35.812
3604,5.459,34.71
3605,5.46,34.701
3606,5.001,34.491
3607,3.512,34.191
3608,3.272,34.703
3609,4.164,35.231
3610,4.366,35.281
3611,3.762,35.717
3612,0.252,36.029
3613,-0.654,35.692
3614,-0.45,35.756
3615,-0.625,35.449
3616,-0.25,35.799
3617,-0.601,35.234
3618,-0.664,35.4
3619,-0.723,35.123
3620,0.053,35.586
3621,-0.043,35.301
3622,-1.141,35.268
3623,-0.607,35.635
3624,-1.243,34.984
3625,-0.44,39.183
3626,-1.736,38.957
3627,-4.216,37.901
3628,-3.693,37.763
3629,-0.689,53.893
3630,-0.296,53.503
3631,-1.905,53.273
3632,-2.116,52.604
3633,-2.209,52.518
3634,-2.143,52.291
3635,-1.887,52.245
3636,-1.607,52.146
3637,-1.408,52.087
3638,-1.288,52.884
3639,-0.496,52.915
3640,-0.579,52.897
3641,-1.126,52.648
3642,-0.359,52.562
3643,-0.393,52.592
3644,-0.179,51.969
3645,-0.23,51.871
3646,0.018,51.885
3647,0.19,52.06
3648,0.242,52.142
3649,-0.033,52.126
3650,0.362,51.871
3651,0.821,52.787
3652,1.02,52.46
3653,1.116,52.526
3654,1.289,52.381
3655,0.867,51.862
3656,0.865,51.961
3657,1.091,51.93
3658,0.814,51.855
3659,1.303,52.154
3660,0.066,51.884
3661,0.01,51.874
3662,-0.941,52.235
3663,-0.595,52.312
3664,-1.313,51.71
3665,-1.165,51.087
3666,-1.363,50.978
3667,-2.198,51.078
3668,-2.023,50.721
3669,-0.8,50.781
3670,0.955,51.202
3671,0.573,51.197
3672,0.575,51.077
3673,0.817,51.111
3674,0.529,51.006
3675,-0.171,50.915
3676,-0.035,50.819
3677,0.025,50.913
3678,-0.511,51.186
3679,-2.236,53.48
3680,-2.49,53.104
3681,-3.002,53.307
3682,-2.656,53.312
3683,-3.934,52.342
3684,-3.965,52.027
3685,-2.68,52.286
3686,37.104,38.167
3687,36.364,37.52
3688,36.523,37.577
3689,-4.272,51.833
3690,-2.32,51.356
3691,-2.917,51.159
3692,-2.447,50.635
3693,-3.924,52.964
3694,-3.896,52.868
3695,-3.456,52.995
3696,-3.198,55.855
3697,-3.213,55.661
3698,-3.019,55.377
3699,-1.563,54.925
3700,-1.422,54.994
3701,-1.575,54.798
3702,-0.653,54.061
3703,-0.231,54.087
3704,-1.392,54.094
3705,-0.747,54.431
3706,-2.11,54.303
3707,-2.973,54.428
3708,-2.757,54.642
3709,-2.936,54.632
3710,-2.676,55.065
3711,-1.822,55.396
3712,-1.997,55.053
3713,-1.638,54.75
3714,-3.383,54.673
3715,-0.271,52.917
3716,-0.379,52.767
3717,1.506,52.362
3718,0.667,52.308
3719,0.465,51.794
3720,-0.923,51.901
3721,-0.949,51.171
3722,-0.859,51.212
3723,1.002,51.083
3724,2.1,50.864
3725,-3.393,52.262
3726,-3.447,51.958
3727,-2.798,52.094
3728,-2.506,51.746
3729,-3.312,51.729
3730,-3.874,53.079
3731,-3.421,55.133
3732,-0.866,54.004
3733,-0.766,54.148
3734,30.556,37.428
3735,30.49,37.526
3736,31.878,37.501
3737,32.369,37.575
3738,25.546,29.322
3739,26.792,30.964
3740,25.123,31.585
3741,27.9,26.942
3742,27.969,27.061
3743,28.202,26.942
3744,27.225,30.186
3745,28.937,30.791
3746,27.338,31.237
3747,5.201,35.948
3748,5.236,36.066
3749,-0.372,52.924
3750,-2.481,54.84
3751,-0.216,52.754
3752,0.77,52.712
3753,0.786,52.752
3754,-3.422,52.528
3755,-3.402,52.594
3756,8.94,34.515
3757,9.386,35.193
3758,9.422,35.274
3759,9.337,35.059
3760,8.815,34.54
3761,9.5,34.98
3762,9.61,35.018
3763,9.328,35.088
3764,9.358,35.13
3765,8.473,35.416
3766,23.491,37.776
3767,30.524,37.623
3768,31.184,37.211
3769,36.966,37.574
3770,-0.654,54.146
3771,-2.608,54.39
3772,-2.273,54.926
3773,16.059,48.307
3774,15.953,48.318
3775,16.108,48.296
3776,16.19,47.92
3777,17.067,47.949
3778,28.578,44.967
3779,6.547,35.448
3780,5.699,34.981
3781,-1.122,35.059
3782,3.689,35.86
3783,-1.732,53.339
3784,-0.211,50.84
3785,9.176,34.078
3786,11.111,33.488
3787,10.062,33.069
3788,9.504,33.496
3789,10.496,32.937
3790,9.795,33.879
3791,11.835,32.407
3792,11.04,31.884
3793,10.435,32.314
3794,36.889,37.871
3795,36.83,37.762
3796,36.551,38.035
3797,36.113,37.361
3798,35.824,37.429
3799,30.891,37.465
3800,31.023,37.762
3801,30.878,37.815
3802,31.119,38.174
3803,32.777,37.282
3804,32.212,37.737
3805,31.589,38.267
3806,30.874,37.831
3807,30.294,37.73
3808,24.031,37.671
3809,24.001,37.897
3810,30.416,37.889
3811,30.558,37.757
3812,22.966,37.942
3813,35.381,37.521
3814,15.36,30.821
3815,15.249,31.408
3816,12.467,32.805
3817,13.695,32.453
3818,15.401,30.614
3819,16.055,29.67
3820,16.576,31.202
3821,16.179,29.147
3822,19.2,29.209
3823,15.956,31.276
3824,19.123,30.251
3825,23.061,29.762
3826,20.222,31.562
3827,23.071,32.334
3828,21.393,29.194
3829,21.061,31.58
3830,20.644,32.254
3831,20.893,32.495
3832,20.907,32.3
3833,21.733,32.589
3834,21.627,32.755
3835,21.713,32.763
3836,22.166,32.772
3837,22.176,32.78
3838,22.313,32.794
3839,22.639,32.77
3840,22.294,32.149
3841,8.573,40.798
3842,8.848,40.928
3843,9.057,41.115
3844,35.61,37.81
3845,23.423,37.989
3846,22.985,37.986
3847,8.89,40.91
3848,8.996,40.903
3849,9.101,40.91
3850,9.434,40.925
3851,9.189,41.224
3852,9.187,41.237
3853,9.291,41.177
3854,9.505,40.931
3855,9.516,42.537
3856,8.496,39.084
3857,9.095,39.216
3858,8.921,40.856
3859,8.577,39.236
3860,8.59,39.677
3861,8.835,39.982
3862,8.872,40.021
3863,8.766,39.649
3864,9.066,39.29
3865,9.086,39.235
3866,9.081,40.713
3867,9.299,40.834
3868,9.095,40.058
3869,8.77,40.415
3870,8.444,39.902
3871,8.604,39.874
3872,8.425,40.814
3873,23.932,31.94
3874,24.583,30.138
3875,24.322,29.715
3876,24.972,29.646
3877,24.659,29.67
3878,24.549,29.83
3879,9.122,35.25
3880,8.589,34.979
3881,9.57,35.395
3882,9.494,35.589
3883,9.369,35.812
3884,9.718,35.582
3885,9.364,35.82
3886,8.439,35.572
3887,8.692,35.899
3888,10.094,34.547
3889,10.071,34.261
3890,10.164,34.558
3891,10.41,34.618
3892,10.163,34.96
3893,10.798,35.224
3894,10.928,34.963
3895,9.732,35.081
3896,10.07,34.997
3897,10.086,34.896
3898,10.194,35.456
3899,10.712,35.292
3900,11.027,35.543
3901,10.087,35.465
3902,10.273,35.651
3903,10.637,35.825
3904,4.598,36.245
3905,4.498,36.875
3906,30.397,37.899
3907,36.761,37.764
3908,23.781,37.999
3909,4.98,36.771
3910,4.668,36.689
3911,4.669,36.116
3912,5.17,36.15
3913,5.337,36.1
3914,5.535,36.051
3915,5.539,35.999
3916,6.014,36.213
3917,6.044,36.173
3918,5.806,36.292
3919,5.909,36.307
3920,5.934,36.399
3921,5.882,36.444
3922,5.05,36.321
3923,5.204,36.164
3924,5.133,36.446
3925,5.692,36.451
3926,32.618,31.048
3927,35.912,31.834
3928,35.951,31.689
3929,35.74,31.27
3930,35.857,31.228
3931,35.733,31.171
3932,23.643,37.938
3933,23.736,37.972
3934,23.719,38.015
3935,22.952,38.029
3936,23.878,38.012
3937,23.831,38.107
3938,23.359,37.982
3939,23.714,37.983
3940,23.461,38.099
3941,23.934,37.892
3942,31.297,30.117
3943,35.002,29.531
3944,35.017,28.476
3945,35.069,28.132
3946,35.065,29.884
3947,32.589,31.043
3948,6.245,36.218
3949,6.15,36.11
3950,6.46,36.488
3951,6.59,36.395
3952,7.754,36.883
3953,7.784,36.962
3954,7.068,36.22
3955,7.189,36.153
3956,7.709,36.533
3957,7.511,36.392
3958,7.675,36.37
3959,7.635,36.298
3960,7.284,36.719
3961,7.676,36.159
3962,7.793,36.136
3963,24.001,38.028
3964,23.75,38.302
3965,35.515,37.927
3966,35.817,38.152
3967,7.539,36.213
3968,9.178,34.141
3969,9.141,34.233
3970,8.794,35.165
3971,10.231,34.577
3972,32.593,29.913
3973,35.9,31.635
3974,35.607,30.363
3975,35.617,30.42
3976,35.706,32.054
3977,35.705,31.102
3978,35.455,31.858
3979,31.422,28.016
3980,36.706,32.108
3981,6.27,36.466
3982,6.286,36.486
3983,6.281,36.609
3984,6.277,36.626
3985,6.683,36.558
3986,6.701,36.508
3987,6.83,36.539
3988,6.84,36.657
3989,7.102,36.748
3990,6.739,36.559
3991,6.655,36.648
3992,6.862,36.738
3993,6.563,36.992
3994,6.914,36.881
3995,7.185,36.922
3996,7.273,37.047
3997,7.56,36.985
3998,7.028,36.459
3999,7.117,36.412
4000,7.262,36.466
4001,7.209,36.401
4002,30.178,38.07
4003,35.902,37.856
4004,7.165,36.335
4005,7.111,36.234
4006,7.093,36.213
4007,7.147,36.237
4008,7.266,36.237
4009,7.259,36.357
4010,7.285,36.243
4011,7.314,36.25
4012,7.319,36.286
4013,7.366,36.264
4014,7.424,36.475
4015,7.367,36.541
4016,7.353,36.444
4017,6.705,36.258
4018,6.741,36.159
4019,6.806,36.131
4020,7.464,36.567
4021,7.795,36.248
4022,7.256,36.106
4023,7.456,36.017
4024,7.382,36.1
4025,7.218,36.189
4026,7.247,36.229
4027,7.235,36.108
4028,7.017,36.095
4029,-5.407,35.547
4030,-5.841,35.507
4031,-5.91,34.253
4032,-5.724,34.051
4033,-5.507,34.083
4034,-5.509,34.11
4035,-5.595,34.112
4036,-5.931,34.181
4037,-5.852,34.189
4038,-5.8,34.133
4039,-5.67,34.18
4040,-5.943,34.569
4041,23.222,38.234
4042,34.37,38.017
4043,36.921,38.347
4044,23.128,38.203
4045,30.597,38.502
4046,26.089,38.257
4047,25.975,38.391
4048,25.975,38.35
4049,36.182,38.158
4050,36.368,38.327
4051,30.942,38.291
4052,23.33,38.299
4053,23.327,38.313
4054,23.738,38.301
4055,36.343,38.277
4056,26.017,38.254
4057,29.724,38.674
4058,33.052,38.18
4059,29.827,38.321
4060,30.133,38.117
4061,23.285,38.559
4062,23.581,38.471
4063,31.044,38.591
4064,22.255,38.397
4065,22.742,38.385
4066,35.554,38.034
4067,35.501,38.717
4068,36.468,38.498
4069,34.752,38.387
4070,34.866,37.471
4071,23.394,38.296
4072,22.67,38.429
4073,35.042,38.351
4074,22.378,38.374
4075,22.435,38.447
4076,34.35,38.026
4077,22.374,38.393
4078,22.203,38.519
4079,22.963,38.363
4080,23.328,38.325
4081,34.351,38.41
4082,34.75,38.372
4083,21.836,38.398
4084,22.718,38.407
4085,34.021,38.397
4086,34.457,38.401
4087,22.973,38.398
4088,22.917,38.467
4089,22.448,38.428
4090,22.876,38.435
4091,22.678,38.448
4092,24.122,38.514
4093,23.636,38.564
4094,22.808,38.533
4095,23.629,38.382
4096,23.611,38.467
4097,23.327,38.33
4098,36.239,38.687
4099,22.146,38.541
4100,22.741,38.517
4101,29.839,38.326
4102,22.999,38.65
4103,23.622,38.58
4104,23.715,38.585
4105,37.197,38.198
4106,23.552,38.596
4107,23.469,38.791
4108,22.793,38.56
4109,21.875,38.422
4110,21.027,39.13
4111,22.433,38.458
4112,34.135,38.431
4113,23.06,38.67
4114,35.803,38.245
4115,22.457,38.716
4116,38.372,38.676
4117,36.414,38.743
4118,22.395,38.63
4119,34.966,38.388
4120,22.547,38.663
4121,22.484,38.785
4122,37.479,38.578
4123,37.097,39.411
4124,22.313,38.698
4125,34.851,38.714
4126,34.667,38.744
4127,30.971,38.589
4128,35.294,38.768
4129,22.578,38.786
4130,22.384,38.828
4131,22.679,38.581
4132,34.49,38.641
4133,33.632,38.98
4134,36.029,38.678
4135,38.359,38.674
4136,32.395,38.175
4137,30.21,38.55
4138,30.529,38.925
4139,23.091,38.948
4140,37.26,38.721
4141,22.18,38.738
4142,22.215,38.869
4143,22.276,38.886
4144,21.435,38.611
4145,21.522,38.901
4146,22.422,38.887
4147,22.833,38.948
4148,24.576,38.844
4149,21.763,38.863
4150,21.52,38.891
4151,22.949,39.051
4152,21.987,38.907
4153,21.793,38.908
4154,31.32,39.019
4155,30.546,39.797
4156,33.926,38.472
4157,22.242,39.014
4158,22.431,38.893
4159,22.969,39.038
4160,22.842,39.11
4161,34.621,38.749
4162,22.925,39.343
4163,34.127,38.794
4164,34.436,39.057
4165,25.975,39.236
4166,22.288,39.127
4167,22.337,39.045
4168,31.044,38.785
4169,31.324,39.025
4170,32.812,38.325
4171,21.65,39.428
4172,30.46,38.824
4173,23.201,39.137
4174,23.343,39.176
4175,35.245,39.213
4176,22.292,39.146
4177,22.002,39.375
4178,26.274,39.247
4179,26.016,39.284
4180,37.747,39.042
4181,36.627,38.865
4182,30.703,39.452
4183,30.534,39.788
4184,30.801,40.239
4185,29.998,40.141
4186,34.523,39.678
4187,21.469,40.272
4188,30.363,39.841
4189,30.112,39.912
4190,25.274,39.917
4191,22.289,39.745
4192,34.518,39.866
4193,21.79,39.922
4194,34.521,39.859
4195,34.507,39.865
4196,22.12,39.863
4197,22.096,39.736
4198,22.517,39.847
4199,22.553,40.047
4200,25.276,39.874
4201,25.3,39.938
4202,32.863,39.939
4203,22.177,39.878
4204,29.029,40.214
4205,32.203,40.796
4206,21.931,40.15
4207,32.894,39.937
4208,33.43,40.097
4209,30.007,39.983
4210,30.024,40.348
4211,21.85,40.276
4212,22.156,39.935
4213,30.384,40.733
4214,33.059,40.118
4215,32.086,40.938
4216,33.612,40.681
4217,31.173,41.078
4218,35.344,40.841
4219,33.628,40.6
4220,26.005,40.861
4221,25.695,40.983
4222,32.542,40.952
4223,27.489,40.924
4224,31.946,41.214
4225,24.992,40.935
4226,34.825,40.845
4227,27.257,41.168
4228,25.408,41.117
4229,24.972,41.083
4230,31.427,41.27
4231,25.552,41.141
4232,24.976,40.956
4233,25.079,41.025
4234,25.732,40.85
4235,25.444,41.18
4236,25.19,41.196
4237,25.623,41.195
4238,25.459,41.101
4239,24.865,41.197
4240,31.962,40.898
4241,31.943,41.223
4242,32.041,41.558
4243,33.658,40.912
4244,33.712,41.461
4245,33.759,41.972
4246,33.778,41.425
4247,33.771,41.456
4248,34.781,41.489
4249,32.748,41.45
4250,35.114,42.006
4251,32.333,41.633
4252,35.16,42.02
4253,24.281,41.154
4254,37.261,37.519
4255,37.176,36.207
4256,36.81,36.183
4257,37.317,37.398
4258,37.364,37.163
4259,37.481,37.515
4260,37.874,37.684
4261,38.275,37.765
4262,37.757,37.845
4263,37.657,37.993
4264,38.066,37.48
4265,38.083,37.453
4266,39.007,37.927
4267,37.872,37.053
4268,38.417,36.971
4269,37.942,36.536
4270,33.69,29.953
4271,33.829,30.136
4272,34.907,29.59
4273,33.602,28.257
4274,33.966,28.633
4275,31.178,27.181
4276,32.45,36.139
4277,32.823,36.489
4278,36.139,36.557
4279,32.822,36.083
4280,32.162,36.412
4281,32.848,36.092
4282,33.411,36.32
4283,29.975,36.255
4284,29.413,36.273
4285,29.968,36.235
4286,30.136,36.375
4287,29.798,36.346
4288,29.448,36.302
4289,29.31,36.271
4290,22.494,40.262
4291,12.649,41.658
4292,12.64,41.668
4293,13.578,41.716
4294,13.594,41.722
4295,13.608,41.726
4296,13.522,41.549
4297,13.395,42.093
4298,12.595,42.134
4299,29.393,36.746
4300,35.817,36.91
4301,29.486,36.998
4302,33.857,36.715
4303,36.197,36.825
4304,34.271,37.025
4305,34.357,37.02
4306,34.285,36.589
4307,34.151,37.032
4308,31.46,36.824
4309,31.737,37.678
4310,33.405,36.654
4311,33.404,36.877
4312,30.166,36.959
4313,30.303,37.031
4314,30.227,37.136
4315,35.338,36.976
4316,34.801,37.187
4317,29.686,37.156
4318,30.814,36.981
4319,36.175,37.054
4320,36.06,37.298
4321,30.624,36.944
4322,34.124,37.036
4323,31.766,37.527
4324,35.187,37.088
4325,30.305,37.318
4326,29.201,36.973
4327,29.662,37.158
4328,29.777,37.306
4329,29.587,37.145
4330,29.551,37.287
4331,32.45,36.982
4332,32.517,37.221
4333,36.649,37.019
4334,36.954,37.516
4335,32.066,36.779
4336,32.224,37.163
4337,33.248,37.041
4338,33.471,37.018
4339,9.208,36.425
4340,9.094,36.38
4341,9.236,36.451
4342,9.235,36.444
4343,36.366,37.41
4344,29.751,37.512
4345,30.055,37.528
4346,36.201,37.111
4347,36.489,37.265
4348,35.662,37.25
4349,35.868,37.252
4350,9.234,36.424
4351,9.228,36.395
4352,9.078,36.29
4353,9.19,36.435
4354,8.73,36.561
4355,8.68,36.453
4356,8.518,36.355
4357,7.743,36.819
4358,8.286,36.248
4359,7.886,36.118
4360,7.752,36.13
4361,7.75,36.239
4362,8.691,36.637
4363,9.438,36.559
4364,5.132,44.361
4365,4.365,43.837
4366,3.926,44.439
4367,5.778,44.51
4368,5.755,45.096
4369,5.628,44.886
4370,5.756,45.437
4371,5.927,45.556
4372,5.372,45.959
4373,5.375,46.125
4374,5.377,45.998
4375,9.667,45.699
4376,10.457,45.734
4377,9.071,45.808
4378,9.186,45.464
4379,8.924,45.162
4380,8.283,45.196
4381,7.876,45.473
4382,7.692,45.103
4383,8.73,45.449
4384,-7.396,40.198
4385,5.99,35.828
4386,5.854,35.801
4387,5.826,35.921
4388,5.746,35.623
4389,5.69,35.655
4390,5.725,35.478
4391,5.69,35.449
4392,6.179,35.829
4393,5.891,36.041
4394,6.094,35.697
4395,6.162,35.712
4396,6.261,35.702
4397,6.403,35.597
4398,6.419,35.637
4399,6.155,35.769
4400,6.015,35.573
4401,5.985,35.722
4402,5.816,35.601
4403,5.849,35.567
4404,5.955,35.518
4405,5.744,35.498
4406,6.008,35.532
4407,-8.521,38.358
4408,-9.215,39.088
4409,-8.832,39.638
4410,-8.407,39.552
4411,-8.815,39.697
4412,-4.767,37.599
4413,-5.012,37.146
4414,-4.603,37.349
4415,-4.808,37.305
4416,-8.589,37.167
4417,-5.915,36.461
4418,-4.599,37.065
4419,-8.508,40.09
4420,-2.743,39.997
4421,-3.653,38.064
4422,-3.782,38.38
4423,5.859,34.861
4424,6.443,35.279
4425,6.35,35.428
4426,5.786,35.722
4427,5.688,35.865
4428,6.237,36.026
4429,6.249,36.045
4430,6.214,36.044
4431,6.589,35.842
4432,6.667,35.892
4433,5.972,35.671
4434,6.274,35.633
4435,7.178,35.821
4436,7.452,35.739
4437,7.709,35.911
4438,7.111,36.05
4439,7.981,35.408
4440,7.173,35.477
4441,6.756,34.715
4442,6.007,34.723
4443,8.499,35.179
4444,8.804,35.143
4445,7.477,34.649
4446,7.791,35.221
4447,8.341,34.977
4448,7.305,34.708
4449,10.425,34.488
4450,9.905,34.748
4451,10.103,34.632
4452,10.163,34.608
4453,4.836,36.644
4454,4.836,36.661
4455,5.059,36.728
4456,5.452,36.653
4457,4.713,36.114
4458,5.064,36.115
4459,5.362,35.999
4460,5.323,36.027
4461,5.404,36.179
4462,5.652,35.999
4463,5.948,36.228
4464,5.859,35.998
4465,5.873,36.802
4466,6.099,36.864
4467,5.742,36.27
4468,5.106,36.315
4469,5.157,36.337
4470,5.325,36.199
4471,5.362,36.183
4472,5.188,36.237
4473,6.277,36.582
4474,4.993,36.458
4475,4.919,36.499
4476,5.261,36.627
4477,5.5,36.363
4478,36.524,37.957
4479,36.577,38.035
4480,23.344,38.001
4481,23.192,38.089
4482,32.7,38.113
4483,34.159,37.475
4484,34.782,38.25
4485,23.543,38.061
4486,23.379,38.182
4487,5.789,36.624
4488,5.769,36.807
4489,5.716,36.415
4490,5.861,36.489
4491,30.051,31.302
4492,4.019,36.023
4493,3.7,36.172
4494,4.368,36.395
4495,3.957,36.801
4496,3.722,36.764
4497,3.862,36.898
4498,3.413,36.73
4499,2.872,36.744
4500,4.174,36.901
4501,4.168,36.858
4502,4.457,36.686
4503,4.421,36.894
4504,3.722,36.748
4505,2.727,36.291
4506,2.402,36.372
4507,2.456,36.589
4508,1.335,36.156
4509,1.312,36.475
4510,1.315,36.506
4511,1.005,36.456
4512,1.276,36.425
4513,1.707,36.549
4514,2.921,36.153
4515,1.094,36.073
4516,2.692,36.465
4517,0.91,36.244
4518,2.544,36.571
4519,3.812,36.224
4520,35.839,38.216
4521,35.953,37.81
4522,32.477,38.166
4523,31.256,38.18
4524,31.193,38.292
4525,33.037,38.148
4526,33.156,38.184
4527,23.247,38.041
4528,23.324,38.222
4529,36.985,38.234
